id, name, slogan, description, category, default_price
1,Camo Onesie,Blend in to your crowd,The So Fatigues will wake you up and fit you in. This high energy camo will have you blending in to even the wildest surroundings.,Jackets, 140
2,Bright Future Sunglasses,You've got to wear shades,"Where you're going you might not need roads, but you definitely need some shades. Give those baby blues a rest and let the future shine bright on these timeless lenses.",Accessories, 69
3,Morning Joggers,Make yourself a morning person,Whether you're a morning person or not.  Whether you're gym bound or not.  Everyone looks good in joggers.,Pants, 40
4,Slacker's Slacks,"Comfortable for everything, or nothing",I'll tell you how great they are after I nap for a bit.,Pants, 65
5,Heir Force Ones,A sneaker dynasty,"Now where da boxes where I keep mine? You should peep mine, maybe once or twice but never three times. I'm just a sneaker pro, I love Pumas and shell toes, but can't nothin compare to a fresh crispy white pearl",Kicks, 99
6,Pumped Up Kicks,Faster than a just about anything,The Pumped Up serves up crisp court style with a modern look. These shoes show off tennis-whites shades and are constructed with a supple leather upper and a classic rubber cupsole.,Kicks, 89
7,Blues Suede Shoes,2019 Stanley Cup Limited Edition,Touch down in the land of the Delta Blues in the middle of the pouring rain,Dress Shoes, 120
8,YEasy 350,Just jumped over jumpman,These stretchy knit shoes show off asymmetrical lacing and a big sculpted rubber midsole. In a nod to adidas soccer heritage.,Kicks, 450
9,Summer Shoes,A risky call in the spring or fall,Low-top panelled buffed leather and mesh sneakers. Sizing embroidered in black at round toe. Tonal lace-up closure. Pull-loop and rubberized style name at padded tongue. Padded collar. Pull-loop at heel collar. Logo embroidered in black at outer side. Tonal treaded rubber sole. Tonal stitching.,Kicks, 59
10,Infinity Stone,"Reality is often disappointing. That is, it was. Now, reality can be whatever I want.","The Infinity Stones are six immensely powerful stone-like objects tied to different aspects of the universe, created by the Cosmic Entities. Each of the stones possesses unique capabilities that have been enhanced and altered by various alien civilizations for millennia.",Accessories, 5000000
11,Air Minis 250,Full court support,This optimized air cushion pocket reduces impact but keeps a perfect balance underfoot.,Basketball Shoes, 49
12,Belle Shirt,Debitis eos est provident ducimus similique saepe quo eos.,Qui nesciunt nesciunt consequuntur. Quia ut incidunt et quam sit rerum tempora. Placeat ipsa facere corporis et et quia repudiandae consequatur consequatur. Temporibus quae sapiente quae sed. Quisquam consequatur soluta.,Shirt, 570
13,Heber Trousers,Voluptates rerum distinctio sit perspiciatis.,Aut quia ipsam aspernatur molestiae voluptatem. Eum esse sit et vero nostrum voluptatem voluptas nostrum pariatur. Deleniti et alias et. Necessitatibus molestiae enim. Odit maiores maxime suscipit nemo eaque.,Trousers, 130
14,Jaeden Suit,Velit officia qui sint ut quis sit asperiores similique.,Asperiores repellat et est. Dolores possimus quisquam laboriosam omnis sequi saepe. Cupiditate officia consequatur eum ipsam saepe ut. Hic fuga magnam et deserunt voluptate consequuntur.,Suit, 556
15,Jerrod Romper,Laborum a ut similique et perferendis qui nobis ipsa.,Exercitationem fugiat illum eos laudantium beatae tempore quod quaerat. Sequi itaque reprehenderit mollitia. Enim beatae occaecati qui culpa eaque commodi natus enim tempora. Vitae minus voluptas dolor molestias rerum quos.,Romper, 904
16,Alexane Sweatpants,Rem esse blanditiis aperiam.,Quae quia odio beatae hic magni. Consequatur ea ipsam eos voluptatem. Ipsum est dolorem consequuntur dolor odio consequatur maiores. Cumque aut dolore nulla fugit id et sapiente sunt in. Laborum natus numquam nam blanditiis recusandae.,Sweatpants, 888
17,Bartholome Tank Top,Ratione non ullam aut perspiciatis enim.,Assumenda inventore incidunt odit architecto. Vel quo voluptatibus ut occaecati aut nihil excepturi ratione. Ad rem a quaerat ut.,Tank Top, 398
18,Oliver 0 Shorts,Provident amet aut voluptates consequatur ipsam.,Magni veritatis sed asperiores impedit. Dolorem ratione quam autem beatae. Voluptates fugiat rerum impedit aut sed magni. Vel molestiae dignissimos aperiam. Est quae ut quas qui voluptas nihil rem beatae quod.,Shorts, 119
19,Eloisa Suit,Asperiores a consequatur culpa id excepturi vitae enim.,Quas velit officiis. Accusamus soluta nesciunt ducimus et dolor ipsam assumenda exercitationem. Error ullam et sit debitis eum adipisci fugiat ducimus quaerat.,Suit, 573
20,Matilda Jacket,Quidem doloribus iusto omnis ducimus.,Omnis molestias sed ut officia eos labore nulla dolor voluptatem. Repudiandae praesentium culpa. Adipisci sint assumenda earum ex est. Fugiat sint molestiae. Ea laborum aperiam iure.,Jacket, 950
21,Verdie Heels,Qui nobis aliquid.,Aut non earum excepturi sit. Facilis architecto voluptatem possimus consequatur eos iusto voluptatem. Praesentium cupiditate error. Inventore dolores quidem quisquam sit in tenetur et. Alias accusantium velit aut nam consequatur similique dolore minus.,Heels, 390
22,Marlen Backpack,Ipsa assumenda aspernatur modi asperiores.,Voluptates velit sit ratione molestias. Blanditiis porro necessitatibus quibusdam qui. Quia sint vel autem et voluptates. Porro cumque molestiae saepe non. Aspernatur commodi voluptatum.,Backpack, 818
23,The Carolina Boots,Vero totam aut voluptates.,Eaque sequi sint saepe nemo alias rem vel laudantium pariatur. Quidem placeat dolorem cumque quidem. Dicta quibusdam quis est. Quam ut sed esse et labore qui. Tempore velit et minima dolorem quia.,Boots, 123
24,Adolfo Suit,Ipsum ut doloribus ex cumque aut impedit est.,Laborum tenetur veniam debitis sunt est minus minus voluptates voluptatem. Earum amet non tenetur tempora dolores. Eos atque quia consequatur. Voluptates neque praesentium quia minus ad dolor rem.,Suit, 648
25,Kellen Heels,Quis quia dolore.,Optio atque et placeat. Nihil impedit et totam. Exercitationem provident officia totam enim accusantium quisquam quia quo. Saepe aliquid nam a consequuntur et sint veniam.,Heels, 692
26,Ruthe Jacket,Qui adipisci earum corrupti quis blanditiis rerum.,Culpa deserunt esse est illum consequuntur dolorum. Consequatur doloremque consectetur veritatis quaerat veniam adipisci rerum. Voluptatem perferendis dolores vel possimus voluptatem explicabo. Cum mollitia debitis vero tenetur repudiandae porro at. Ut in aut ut ducimus aspernatur dolorem nesciunt sit inventore. Qui dolores enim praesentium omnis ut explicabo et sunt laboriosam.,Jacket, 669
27,Cale Skirt,Reprehenderit ex qui dolorum consequatur.,Rerum veritatis repudiandae ea architecto. Laboriosam ut eligendi architecto voluptatem. Aut a similique quia praesentium sunt est animi. Veniam cum consectetur maxime mollitia impedit qui. Rerum atque occaecati magnam veniam voluptate voluptatum rem reiciendis sunt.,Skirt, 922
28,Lindsey Heels,Harum tenetur id repudiandae placeat et sed officiis quia aut.,Rerum est maiores sit. Illum similique sequi vitae. Ipsum nihil animi neque consequatur nesciunt autem. Suscipit deserunt hic enim molestias id ipsam. Et ut est ab et officia omnis eaque modi impedit. Voluptatibus cumque qui omnis odio repellendus.,Heels, 557
29,Weston Shirt,Tempora aut ullam nihil sed necessitatibus ex.,Nemo suscipit enim accusantium est corrupti. Porro consequatur harum sint non hic et asperiores. Omnis sint ut numquam blanditiis possimus aut. Possimus et ratione vitae saepe magni. Aut dignissimos asperiores et quidem et vitae culpa. Culpa veniam ratione id id sed.,Shirt, 683
30,Mathew Jacket,Odit a maxime.,Ex dolorem dicta deserunt mollitia dolore eaque. Sapiente dolores consectetur magni. Accusamus explicabo sequi accusantium aut eligendi. Ducimus iste ut laudantium rerum corporis ut. Maiores facere dolor vitae et aut dignissimos.,Jacket, 191
31,Khalid Dress,Ducimus debitis eos aut aut.,Quae velit consequatur. Voluptatem consequatur optio nulla occaecati et rerum sunt qui debitis. Voluptatum ea neque excepturi. Fuga esse nesciunt excepturi sit repellat autem. Est enim harum minima quia.,Dress, 954
32,Jaiden Shorts,Quia velit consectetur exercitationem id.,Ea suscipit aut non. Enim in nihil aut fuga quos. Accusamus ad quasi magni molestiae itaque inventore voluptas. Officiis rem eligendi nihil itaque suscipit doloribus consequatur aut ut.,Shorts, 263
33,Don Sunglasses,Officiis adipisci quo doloribus explicabo fugit dolor dolorem et veniam.,Nesciunt nulla cum nihil earum veniam et soluta laboriosam et. Vitae doloremque rerum qui iure. Doloribus et dolor sit qui consequuntur eveniet eum. Nulla eius sit. Reiciendis tempora et.,Sunglasses, 841
34,Marcellus Jacket,Similique autem doloremque enim.,Dolor illum rerum voluptatibus repellat earum in suscipit saepe. Reiciendis qui quae. Aliquid enim suscipit dolor commodi. Illo debitis nihil. Temporibus voluptatem neque et incidunt exercitationem.,Jacket, 465
35,Norval Coat,Repellendus asperiores sed.,Sunt eos perferendis pariatur sunt qui. Voluptatem rem aut aperiam necessitatibus debitis modi fugiat. Qui est nam et hic incidunt quam architecto.,Coat, 256
36,Esperanza Socks,Inventore quam fugit libero natus quia.,Vel minus et quia eum magni sed. Explicabo doloribus quis. Sequi sequi non iure et iste fugit architecto. Quidem aspernatur quia omnis itaque quo aut qui quam autem.,Socks, 437
37,Maximillia Coat,Temporibus voluptatem facilis corrupti quo iusto aut vero et.,Culpa porro ipsam libero ut est nisi ut dolorem. Officiis sunt sit eveniet ducimus voluptates. Quo et corrupti fugit rerum rerum laudantium quo.,Coat, 12
38,Jarod Coat,Consectetur dolores minus aut distinctio et laudantium.,Et unde sit deleniti est. Voluptatem dolor ea sit ex. Totam accusantium ex quis sunt ea vitae recusandae quisquam sit. Ut qui qui reiciendis cumque. Architecto rerum culpa ea libero laborum qui pariatur.,Coat, 697
39,Kenton Dress,Et aperiam itaque dolorem ut asperiores odio ut.,Et asperiores enim sequi neque culpa. Quidem autem sunt assumenda autem quas. Vero et libero sunt magni et iste non. Saepe aut alias.,Dress, 636
40,Karl Coat,Fuga deserunt ea amet distinctio numquam dolorem.,Dolorem omnis consequatur qui incidunt atque quo odio corrupti. Porro facere magni laudantium sint accusantium et iste consequatur. Magnam voluptatem consequatur voluptates accusantium modi. Ad a qui perspiciatis. Aperiam consequuntur quia suscipit.,Coat, 556
41,Tyrel Shorts,Ea qui quis quia omnis doloribus.,Cupiditate autem voluptatem corporis aut sit incidunt veritatis velit. Unde quis numquam qui voluptates distinctio porro sunt tempore. Rerum in consequatur nesciunt voluptatem amet totam delectus rerum.,Shorts, 653
42,Vidal Tank Top,Impedit laboriosam eum.,Saepe expedita omnis. Est iure nulla dolorem excepturi sequi illo. Consequatur eveniet consequatur sunt incidunt possimus autem aspernatur. Officiis quas tenetur ut est. Perferendis molestiae optio aliquid.,Tank Top, 603
43,Annamae Boots,Illum molestias sed beatae nisi.,Beatae modi quo. Ratione illum molestias omnis corporis ut quae voluptatem. Doloribus dicta alias dolores quas minus.,Boots, 286
44,Sabrina 0 Skirt,Sunt distinctio ut qui cumque omnis.,Hic nam rerum veniam. Non expedita autem aut. Expedita et nostrum iste quia accusantium quia in consequatur. Consequatur consequatur dolore repellat sed esse est numquam natus. Quas est delectus et et ex aut. Sed sunt quos et quod ipsa.,Skirt, 681
45,Muriel Pants,Reprehenderit ab non eaque et vel.,Porro eum adipisci et soluta velit consequatur unde. Dolor repudiandae non fugiat est. Culpa modi quia non illo et voluptatem aut laboriosam explicabo.,Pants, 793
46,Joesph Skirt,Nihil eum veniam ex velit dolores modi.,Delectus excepturi voluptas impedit sunt eius aut hic. Nulla rem sequi ut quisquam eaque sunt. Pariatur in ducimus facilis perferendis est eos. Nostrum tempore iste laborum consequatur et ullam enim. Nobis ab quasi. Est minima aut laudantium quia voluptas quia harum eius dolores.,Skirt, 858
47,Nathan Pants,Repellendus voluptates est alias dolorum.,Corrupti magni aliquid similique magni molestiae perferendis sed eius. Doloremque sapiente at in. Molestiae minima nam placeat.,Pants, 219
48,Moshe Romper,Magnam reiciendis consectetur voluptas beatae cupiditate rerum et fugit autem.,Ullam enim impedit sit dignissimos. Ut distinctio laborum voluptatibus architecto consequatur. Et similique ex et fuga minima molestiae aut.,Romper, 820
49,Destinee Tank Top,Quo in nemo totam corporis et iste quidem quisquam qui.,Quis quasi error harum est enim magnam ex. Quaerat eum fugiat repellendus. Quos reprehenderit et rerum ut quia explicabo tempore. Voluptas sint qui sed atque dolorem. Error a repellat maiores quia delectus aliquid voluptatibus voluptas adipisci.,Tank Top, 874
50,Drake Trousers,Aut et ipsum ullam aliquam doloremque.,Molestias rerum saepe vitae. Unde quas reiciendis. Nobis rerum cupiditate aliquam.,Trousers, 950
51,The Darryl Trousers,Maxime beatae repellat.,Labore et ea. Consectetur ut dolores recusandae. Commodi facilis aut illo excepturi quae molestiae. Omnis eos porro numquam laudantium adipisci facere voluptatem. Qui doloribus cum voluptatem cumque ipsam sed tenetur. Aut nostrum ipsa accusamus quas.,Trousers, 813
52,Dee Sweatpants,Excepturi totam qui quasi perferendis.,Quisquam quas adipisci quibusdam voluptatem quisquam voluptatem et illo. Rerum corporis architecto doloribus quae laboriosam. Quidem commodi dolore fuga.,Sweatpants, 858
53,Hipolito Tank Top,Quos vero voluptas sequi ut molestiae velit mollitia molestiae ex.,In et excepturi non quidem. Architecto tenetur ducimus nobis eveniet facilis voluptatem. Consequatur fuga rerum voluptates aperiam minima occaecati non expedita voluptatum. Qui sunt nihil consectetur quos ullam totam. Repellendus accusamus et ab voluptate autem ut eos. Numquam ut esse eligendi corporis occaecati ex dolore.,Tank Top, 94
54,Destiny Skirt,Nihil quia illum ea sit eius.,Praesentium quia minima cum rerum est aspernatur accusantium rerum perspiciatis. Accusamus eligendi tenetur nihil omnis eum aperiam debitis nam at. Voluptas vitae ea et deleniti neque et cupiditate nam sint. Ipsa totam est maiores voluptas et et autem. Nam excepturi ipsum exercitationem nemo dolorum nulla ipsam omnis.,Skirt, 782
55,The Loyal Skirt,Asperiores deleniti vero.,Aut facere perferendis saepe tempore. Cum voluptas ad ea porro molestiae maiores suscipit qui. Explicabo facere incidunt explicabo eligendi dolor rerum aspernatur esse. Aliquam ut non natus possimus nulla alias molestias ea. Nulla nemo debitis. Repellendus reiciendis enim blanditiis eaque dolores iste ducimus cumque alias.,Skirt, 532
56,Evangeline 0 Hat,Tempore id maiores.,Ducimus nisi architecto quaerat illum assumenda voluptas debitis distinctio. Autem sunt harum. Dolorem non exercitationem illo quasi. Est ea eaque aut qui nisi natus nostrum. Quos aliquam ut nesciunt fugit.,Hat, 82
57,Jamarcus Hat,Et autem illum sint omnis impedit.,Rerum et enim a repellat ut provident. Quos saepe id quo saepe aut soluta vel impedit. Soluta aut id sit quibusdam in perferendis qui enim nam. Non quaerat reprehenderit ut consequatur. Unde aut atque. Tenetur neque quae.,Hat, 818
58,Jillian Slacks,Et consectetur asperiores est doloribus non.,Sed aspernatur ut totam culpa. Ut vero optio aut dolores earum voluptatibus. Et dolores libero magni placeat harum.,Slacks, 716
59,Cornelius Backpack,Possimus rerum ut tempore saepe unde delectus.,Id debitis architecto dolores vero architecto rerum. Quibusdam doloremque quo deserunt reprehenderit. Expedita odio veniam placeat eius. Est rerum et sit. Iste incidunt quia aut sint voluptatem illum.,Backpack, 319
60,Marjolaine Shoes,Eos pariatur autem ut sint.,Non nostrum ea praesentium voluptas. Est aut laboriosam consequuntur delectus et ut. Similique qui saepe dicta rerum non sequi. Facilis libero voluptates quae explicabo distinctio. Consequatur cumque optio quae ea qui. Mollitia architecto adipisci aut qui consequuntur.,Shoes, 29
61,Harley Shorts,Repudiandae doloribus sunt recusandae accusantium ut cupiditate odit eum.,Ratione ullam deserunt consequatur iste consequatur est id inventore. Deleniti in non. Ut cupiditate temporibus voluptatem quia explicabo ipsum. At sint asperiores veniam voluptatum recusandae eos.,Shorts, 740
62,Estrella Shirt,Ipsa eligendi consequatur nihil molestiae perferendis ratione.,Consequatur nesciunt id earum ratione blanditiis odit quo repellat. Sed necessitatibus sunt nulla delectus quae voluptatem non qui. Tempore non aut fugiat repudiandae omnis quibusdam illo est vero. Odit facere debitis nobis doloribus est voluptatibus doloribus enim. Consequuntur nemo est at explicabo sapiente ab.,Shirt, 830
63,Avery Shorts,Aliquid architecto provident deserunt et ex quia numquam.,Harum libero iure consectetur harum. Delectus nostrum qui quo omnis. Officia et alias tempora excepturi suscipit et eligendi aspernatur. Nobis dolores sed neque quod voluptatem sint tempore beatae sed. Mollitia laudantium voluptatem accusamus nesciunt reiciendis quia quia ea.,Shorts, 370
64,Triston Dress,Rem commodi autem atque expedita voluptatem illo fuga vero.,Quas nam labore eveniet unde recusandae officia eveniet fugit est. Accusantium tenetur dolorem. Fugiat harum dolore. Veniam iste error nam impedit aut molestias.,Dress, 463
65,The Justen Boots,Modi ea culpa nam est.,Est quis dignissimos totam quo molestiae est mollitia. Quo quod voluptatem expedita corrupti id accusantium. Qui praesentium est. Distinctio labore qui autem. Quia aut officia ex veritatis nemo vitae quia quas repellat. Quasi illo necessitatibus similique est est ex nam consequatur optio.,Boots, 926
66,Mose Backpack,Eum id ea magni harum sit sed voluptas nobis.,Recusandae reiciendis vero dolor qui consequatur velit iste. Tempora autem exercitationem rerum et et similique culpa. Corporis repellendus error tempore beatae voluptas.,Backpack, 905
67,Jakob Sweatpants,Debitis ratione velit dolorem quis doloribus sapiente.,Sed necessitatibus nulla aut. Et repudiandae et veritatis ducimus consequatur et. Vitae eos quo fuga non aut. Nostrum totam molestias quia. Dolores rerum quae nihil et omnis quaerat est qui.,Sweatpants, 316
68,Omari 50 Coat,Error ut corrupti quae occaecati.,Voluptas iure ducimus officiis ullam. Atque temporibus non ipsa voluptatem error omnis. Possimus porro est minima. Dolores blanditiis a nobis laudantium. Impedit minus quisquam sed eos iure rem. Eius maxime culpa soluta inventore qui iste porro placeat doloremque.,Coat, 636
69,Rahsaan Shoes,Quas aliquam deleniti.,Aperiam modi aut. Quaerat corrupti nemo voluptate. Voluptas cumque laudantium quia voluptatibus. Praesentium delectus dolor saepe. Iste ducimus ad nisi repudiandae dolorem ut illum. Rerum minima quis enim.,Shoes, 121
70,Concepcion Pants,Culpa earum itaque accusantium nihil earum.,Iure occaecati voluptatem non ipsum ut. Quaerat corrupti rem est beatae quia quas quasi. Sed quis illo libero aperiam laborum modi consequatur veritatis et.,Pants, 998
71,Karen Sunglasses,Qui ut dolor iure blanditiis aut ratione occaecati eum.,Perferendis inventore aut. Minus rerum nulla. Sapiente sunt voluptas.,Sunglasses, 379
72,The Leo Jacket,Esse sit nisi nostrum.,Sapiente accusantium assumenda quia tempore deserunt unde nulla maiores. Veniam officia voluptatem. Ut illo numquam omnis quasi dicta. Facilis quasi architecto harum id accusamus quaerat aut impedit omnis. Id aut sunt quod a quaerat dignissimos. Nisi voluptas reiciendis.,Jacket, 9
73,Royal 0 Romper,Incidunt fugiat excepturi a minima.,Molestiae a corporis ut hic debitis ut quis rerum minima. Sint est quam est et ab maxime velit sunt dolor. Accusantium non unde ratione inventore in. Nobis maxime quo.,Romper, 538
74,Frederic Socks,Accusantium explicabo molestiae sunt in aspernatur quis voluptatibus nulla.,Hic et qui voluptatibus voluptatem illum. Doloremque aperiam rerum libero. Facilis perspiciatis ut est aut. Eos libero sint vero non in ullam iure.,Socks, 470
75,Flossie Pants,Iusto vel quia tempora voluptate eos perferendis ut.,Deserunt facere quisquam alias earum ratione repellendus. Iure facere quo minima totam quaerat. Expedita facere voluptas repudiandae placeat itaque beatae.,Pants, 815
76,Oda Tank Top,Harum officia vero quo ipsum ut.,Sapiente non illo ullam dolores eos doloremque. Et consequuntur et quae dignissimos iure qui similique perferendis. Quaerat repudiandae nemo voluptates atque molestiae eius provident ut. Voluptatem tempora velit dolor voluptate reiciendis quibusdam odio et quia. Error impedit voluptatibus sint nesciunt temporibus. Eligendi rerum earum et rerum explicabo.,Tank Top, 994
77,Garrick Tank Top,Ea iusto sit totam suscipit.,Amet consequuntur nisi deserunt quam. Doloremque rerum commodi quis eius molestiae. Dolorum alias dolores culpa eveniet consequatur. Unde doloribus cum sit corporis quo quis quia est.,Tank Top, 88
78,The Mary Sweatpants,Sunt eos sit in quo ducimus velit voluptatum.,Ipsam est perspiciatis laudantium officiis quia maxime sint. Facilis exercitationem laborum. Expedita dignissimos aliquid placeat eaque eum. Culpa non omnis. Possimus quis aut est deserunt. Laborum dolor et voluptas ea non ut.,Sweatpants, 273
79,Addison Socks,Veniam qui est.,Optio beatae quis explicabo expedita expedita. Excepturi omnis rerum. Fugit voluptas inventore id id quo. Impedit ullam sunt esse illo eum.,Socks, 154
80,Santino Tank Top,Est error quaerat facilis quia ea non exercitationem.,Quia labore ipsa. Quaerat excepturi quos. Deleniti itaque quod libero. Ea facilis dolores optio labore. Vitae cupiditate veniam eveniet quibusdam.,Tank Top, 473
81,Dorian Suit,Hic quasi eos nihil non sequi laboriosam occaecati quis.,Et beatae porro. Mollitia architecto et libero neque velit dolor. Eaque explicabo quibusdam minima ut enim culpa. Est est dicta illo. Tenetur voluptas quidem sunt quia earum. Ratione eaque voluptatem id sit.,Suit, 586
82,Reginald Backpack,Aut fugiat ullam necessitatibus facilis sequi qui.,Voluptatum optio repellendus placeat illum voluptatem expedita. Nostrum et nisi neque voluptate. At dolores nemo molestias nihil fugiat. Placeat qui tempore sed aliquid consequatur. Ullam ab eveniet repellendus nihil et delectus.,Backpack, 460
83,Vilma Cap,Enim dolorum et.,Reprehenderit incidunt aut quo consectetur qui. Quaerat enim ducimus rerum assumenda at distinctio veritatis vel. Accusamus quod nemo voluptas et minima odio.,Cap, 1
84,Dariana 0 Boots,Quo ut ipsum accusamus.,Autem voluptatem cum inventore cum suscipit id qui quis aperiam. Ex enim sint. Dolores qui quis ab atque quas delectus nemo. Omnis error distinctio eum vero officiis ipsa. Iusto rerum adipisci sed consequatur perspiciatis repellat aut.,Boots, 782
85,Willy Cap,Asperiores velit quod.,Adipisci voluptatum odit officiis et similique aut. Temporibus cupiditate ex amet. Quod aspernatur sit commodi. Nihil nisi veritatis iure quia culpa est quibusdam. Excepturi voluptatem sed dolorem.,Cap, 809
86,Mavis Shoes,Dolore aliquam fuga maxime.,Ut alias error temporibus aut iste repudiandae ut aliquid nesciunt. Accusamus voluptatem adipisci delectus commodi autem labore placeat qui reprehenderit. Et hic doloremque.,Shoes, 251
87,Brian Backpack,Quod et ut cumque ex aut nobis fugit ipsam eos.,Minus aspernatur quia doloremque velit amet veniam excepturi. Corporis optio aut aut sed quam voluptatum quia doloremque et. Qui quis distinctio asperiores. Architecto quisquam non quam optio. Facilis doloribus et architecto sunt et. Est et occaecati quis voluptatibus odio.,Backpack, 248
88,Franco Pants,Et suscipit quo reprehenderit quos.,Veritatis cum distinctio eum et animi aut. Reprehenderit non quaerat maxime eius optio dolor. Ducimus mollitia est a enim enim expedita.,Pants, 522
89,Kade Coat,Tempora sequi earum mollitia sed quo sed aliquid.,Quos non commodi hic voluptate voluptate officiis. Tempora alias explicabo. Nihil saepe dignissimos ipsa et.,Coat, 539
90,Daisha Pants,Eaque et aliquam voluptates.,Possimus est vel optio. Velit ipsum quia et ad exercitationem in sed. Vitae quibusdam voluptas ullam fugiat libero enim nobis repellendus. Dolores esse repellat est eos assumenda ea.,Pants, 202
91,Armani Sweatpants,Quisquam laboriosam ut odio sint nihil nemo veniam.,Neque voluptatibus autem nulla accusantium. Eligendi maiores ut sit sint. Consequatur ut sed sunt temporibus. Harum consequatur distinctio vitae totam sed tempore laboriosam fugit deleniti. Dicta atque repudiandae. Neque repellat rerum.,Sweatpants, 400
92,Jayda Socks,Excepturi aspernatur incidunt excepturi mollitia temporibus ea.,Repellendus non adipisci et nobis. Maiores at quae molestiae id totam quia similique. Vel distinctio et. Perspiciatis id itaque. Quis voluptas inventore.,Socks, 20
93,Dameon Romper,Qui ea incidunt amet.,Hic molestiae aut veritatis eligendi enim modi soluta. At et odit est expedita modi eligendi veniam. Et quo vitae ullam est blanditiis nesciunt debitis odio.,Romper, 677
94,Jerome Sunglasses,Veritatis quisquam modi facere fuga aut.,Eos rerum iusto at voluptatem accusamus itaque est. Laboriosam est eos architecto error. Dolorem dolore nam quos repudiandae voluptatem distinctio molestiae autem cumque.,Sunglasses, 726
95,Maximus Shoes,Est ullam accusamus totam quia velit cumque qui molestias.,Voluptas soluta qui quos. Nam qui quia nam quasi numquam aliquid similique doloremque. Temporibus similique rerum velit ad voluptas iusto dolor qui aut. Quae deleniti voluptas. Rerum nemo non et similique cumque saepe.,Shoes, 420
96,Anne Dress,Ex qui placeat mollitia voluptatem dolor aut tempore facilis.,Accusantium quibusdam nostrum sequi omnis ut magni. Consequatur corporis aut natus ut qui. Enim voluptas dolores est autem dolorem labore nostrum sequi veritatis. Autem repellat itaque ducimus quos at molestias nemo omnis. Dolor est soluta necessitatibus nihil qui quia vitae.,Dress, 86
97,Earnest Coat,Ad dolor nostrum totam veritatis.,Exercitationem voluptas et ut enim ullam amet. Rerum repudiandae nihil ipsum. Nulla sint dignissimos consequatur esse. Quibusdam doloribus optio ut sit at vel id eum.,Coat, 971
98,Tabitha Hoodie,Accusamus repudiandae commodi non porro.,Voluptate officia fugiat voluptate rerum. Corrupti eum temporibus aut cum consequatur. Enim corrupti officia rerum in. Molestiae est qui quo dolor placeat porro dicta. Quos sint et inventore.,Hoodie, 39
99,Josiane Tank Top,Repudiandae animi doloribus magnam.,Unde eveniet hic iure a harum repellat architecto non aut. Quaerat esse incidunt voluptatem nostrum sed. Itaque libero consectetur possimus tempora quo similique voluptas a. Est architecto magni natus ea exercitationem qui quasi voluptatem aut. Culpa rerum rerum ipsam deserunt voluptas impedit temporibus. At repudiandae natus qui et itaque modi deleniti omnis.,Tank Top, 605
100,Elody Cap,Sequi molestiae eos aut ratione deleniti et omnis officia voluptatem.,Accusamus et tempore accusamus sunt accusamus aliquam neque esse rerum. Doloremque mollitia qui. Velit quae dolores. Quia et a sed sint. Facilis qui et eligendi. Id reprehenderit rem ullam dolor rerum.,Cap, 211
101,Vada Slacks,Voluptatibus dolores eum dolore sed alias vel similique id quibusdam.,Maiores ratione qui alias libero a voluptatem quasi dolor nobis. Ut rerum quia eius atque sed. Laboriosam iusto tempore et aut voluptatum. Cupiditate autem architecto ipsam aut officiis. Quae inventore eligendi cumque voluptas a iusto velit ullam. Temporibus suscipit ut architecto inventore et animi est non.,Slacks, 697
102,Deangelo Sweatpants,Suscipit aliquam placeat amet similique nihil.,Voluptates ut quia asperiores molestiae consectetur ut. Cumque magni illo eveniet. Vitae consequatur aspernatur provident perspiciatis omnis qui et. Non nostrum aut consequatur sunt voluptas sed vero pariatur quos. Incidunt sunt et quo doloremque veniam vero cum ad dolorum.,Sweatpants, 990
103,Elroy Sweater,Facere perspiciatis non et at enim deserunt vero ut.,Alias fuga repellendus odio molestias similique. Tenetur dolores repellat sequi in. Quia quo dignissimos nesciunt voluptates corporis aut est. Sequi accusamus sit eos deserunt soluta et. Ea alias adipisci temporibus facere quia omnis.,Sweater, 818
104,Dayne 0 Shoes,Debitis quia consequuntur aperiam.,Facere optio odit doloremque fuga est porro voluptas qui. Mollitia aut voluptate necessitatibus nihil quidem animi aut. Commodi aut ut nemo culpa. Rerum omnis a. Quia omnis quibusdam labore aspernatur deserunt quia tempore praesentium. Vel aut sit aut doloremque porro.,Shoes, 197
105,Marcelino Sweatpants,Asperiores eum illo optio quo molestiae.,Est accusamus et ut non. Cumque veniam deleniti odio asperiores omnis natus non nostrum magnam. Dolor qui voluptate nihil fugit inventore sapiente veritatis in.,Sweatpants, 176
106,Ali Shoes,Nostrum dignissimos dolor quia earum officia est dolore eos.,Sed autem et ad aliquam corporis quisquam nostrum ut ut. In aut fugit libero enim non aperiam sit aut ad. Cupiditate est enim ipsum unde voluptatem repellendus qui.,Shoes, 369
107,Letha Hat,Et repellendus quod nam quo.,Reiciendis nam unde officiis ullam dicta ducimus velit. Voluptatem ratione cum tenetur iusto tempore. Porro vitae et expedita animi doloremque et nostrum. Autem et at corporis quo maiores totam corporis. Et labore itaque. Qui ipsum quidem officia asperiores natus totam rerum tempora consequatur.,Hat, 785
108,Claud Suit,Iusto eaque ipsam.,Quos deleniti possimus ab quo dolorum. Excepturi placeat maxime quia a consequuntur. Neque sint dolorem quo repellat est laudantium illum in architecto. Sit et magni libero totam dolore. Tempora harum exercitationem officia velit in. Sunt voluptatem amet modi dolorem omnis.,Suit, 945
109,Hilbert 0 Pants,Aut odio eos illo exercitationem porro modi quas sit reiciendis.,Consequatur consequatur et. Explicabo molestiae rerum aut totam et. Quos unde dolorem est et sed itaque unde impedit laboriosam.,Pants, 385
110,The Laila Skirt,Laudantium vel dolore facilis et et temporibus doloremque.,Ipsa eligendi dolorem sit est occaecati. Cupiditate voluptatem necessitatibus. Asperiores et sint porro ipsam omnis illum. Maxime delectus debitis beatae ipsum ipsum rerum.,Skirt, 441
111,Trycia Skirt,Voluptas autem nostrum assumenda vel.,Repellat aut magni enim est molestias sequi. Accusantium et et ipsa dolor maiores expedita possimus. Qui illum perspiciatis dolores dolores. Eligendi omnis necessitatibus necessitatibus. Sit vel beatae totam sapiente neque necessitatibus eaque. Aut ab iste rerum impedit voluptatem voluptates perspiciatis.,Skirt, 967
112,Salma 0 Slacks,Et laborum exercitationem molestiae.,Quas illum ut consequatur voluptatem voluptates sunt earum. Nam et voluptatum et autem saepe ut esse nesciunt. Qui est blanditiis possimus explicabo non doloremque similique. Omnis ut laudantium consequatur at praesentium odit sunt nihil. Tenetur necessitatibus consequatur odio aut nam nam deleniti. Sed quia omnis sit perspiciatis ipsum.,Slacks, 647
113,Estrella Sweater,Voluptate autem est est tenetur id itaque ea.,Nihil iusto at necessitatibus laborum ea soluta. Commodi ea illo facilis. Quia ut veritatis libero rerum.,Sweater, 774
114,Sabryna Shoes,Beatae molestias eligendi molestiae.,Nam natus et tempore. Assumenda quia quia. Nemo necessitatibus saepe ut est debitis aut. Vitae doloremque quia. Sit vel doloribus modi rem recusandae aut. Suscipit dicta natus.,Shoes, 388
115,Charlotte 50 Cap,A qui ad dolore ex voluptatem nulla ad.,Enim sint dolor. Excepturi blanditiis labore sunt reiciendis non. Animi inventore facere culpa est officia illo et rerum dolor.,Cap, 418
116,Jonathon Backpack,Similique assumenda earum dolore nostrum et.,Est natus exercitationem distinctio architecto quo id ullam. Reiciendis est consequatur. Enim accusamus autem voluptatem ex tempora voluptas. At inventore tempora quia. Facilis aut reprehenderit consequatur est. Ut pariatur harum et.,Backpack, 195
117,Mercedes Backpack,Et pariatur deleniti magni aliquam nobis sunt alias.,Voluptas fuga velit. Dolorem tempore in quos laudantium non quis sit quos. Mollitia non cupiditate. Quia saepe et mollitia et eos rem tenetur ducimus ipsa. Beatae magni est ut ipsam impedit ullam et. Quo aut excepturi aut eveniet dolorem.,Backpack, 285
118,Beryl Trousers,Sit qui recusandae aliquid voluptatum sit officiis sed blanditiis accusamus.,Est voluptate rem. Quo accusamus et et. Optio optio natus qui autem rem eaque.,Trousers, 821
119,Magnolia Slacks,Beatae iste distinctio autem.,Impedit fugit temporibus quos facere explicabo corporis nihil quasi voluptas. Ea ea et consectetur error ullam quis quae est sequi. Ut quia ducimus et sint et. Commodi nesciunt qui dolores voluptates qui et consequuntur sed vel. Odio earum voluptas eveniet nesciunt libero.,Slacks, 136
120,Mervin Jacket,Sunt aut soluta dolor vel corporis quia et soluta.,Aut dolorem quasi magnam sit temporibus neque corrupti et magni. Vitae ipsa aut ea recusandae explicabo earum commodi. Laboriosam vitae possimus sunt laudantium molestiae voluptate suscipit sed blanditiis. Quod dolorum amet iure voluptatem cumque provident consequatur. Dicta numquam nemo consequatur sit ad eligendi.,Jacket, 584
121,Mittie Sweater,Sed maxime debitis vero assumenda.,Fugiat illo consectetur facilis unde. Qui molestiae iure. Corporis nostrum porro distinctio aut exercitationem unde atque. Quae voluptate voluptatem minus voluptatem quasi maxime officiis aut.,Sweater, 937
122,Boris Romper,Voluptatem quia aut molestiae odio.,Ullam porro sed commodi incidunt iste rem explicabo. Quasi magni vel dignissimos dolorem. Ad quas aliquid nihil ipsum reprehenderit aperiam consequatur dolores est. Autem quibusdam reprehenderit maiores consequatur quis nostrum quia.,Romper, 983
123,Elaina Slacks,Maxime est autem alias quae odit voluptatem.,Laborum quibusdam quo quod voluptas nemo facere culpa molestiae. Et non velit quidem ratione commodi perspiciatis molestiae rerum. Dignissimos consequatur tempora. Repellat eos distinctio incidunt.,Slacks, 969
124,Marilou Coat,Et corporis consectetur velit quia sint non voluptas voluptas voluptates.,Necessitatibus sed sequi voluptas eligendi ipsum. Qui debitis placeat id quos id nihil nisi. Qui dolores exercitationem facere consequatur debitis reiciendis. Quae est tempora.,Coat, 479
125,Misael Sweater,Consequatur nihil deserunt quo laudantium corporis ut ut.,Voluptatem alias doloribus voluptatem ut et. Voluptas omnis aut in iure quis quo et dolore adipisci. Reiciendis quae sapiente accusamus ipsam eum saepe. Eum fuga rerum quam iusto omnis est minus.,Sweater, 598
126,Eveline Suit,Dolores fugit quo qui dolorum ea sit doloribus voluptate et.,Voluptatibus vel numquam ut voluptas magnam dolorum. Et aut et qui sit vel deserunt est distinctio nostrum. Beatae quasi et nostrum non mollitia at. Laboriosam dicta minus quis nobis quaerat natus repudiandae. Nemo eaque quasi soluta sit tempora. Sed voluptatem eius quas esse perferendis non nam incidunt perspiciatis.,Suit, 354
127,Madie 0 Hoodie,Consequuntur dolorem consectetur.,Animi quidem eveniet molestiae voluptatem in nulla autem veniam nisi. Eos rerum optio repellendus recusandae doloribus consequuntur sequi fuga. Est accusantium eos fuga eius vitae aut est. Corrupti vero nemo reiciendis quia et. Aliquam itaque ut deserunt est commodi qui qui saepe. Asperiores cum ea excepturi.,Hoodie, 581
128,Franco Pants,Qui similique nihil.,Aliquid aspernatur consequatur provident reprehenderit assumenda ipsum harum eius. Dolorum voluptates explicabo optio aut ratione. Dolores ea quia dolor consequuntur nam aut asperiores. Et aut quibusdam debitis quaerat est nam nobis. Minus delectus praesentium voluptas sint ut ducimus molestiae qui nobis.,Pants, 679
129,Fabian Shirt,Reiciendis ex qui.,Magnam assumenda voluptas in expedita et cupiditate dolorum sed. Sed quibusdam dolorem voluptatum quis omnis non illo ut. Distinctio cum facere atque deserunt dignissimos et.,Shirt, 61
130,The Niko Socks,Maiores et ut quibusdam soluta debitis dolorem.,Ipsam pariatur sed et. Est eveniet dolorem minima temporibus ab. Omnis vel dignissimos doloremque adipisci illum. Minus rerum ab rerum.,Socks, 18
131,Thad Suit,Amet voluptate cum.,Nam molestiae veniam corrupti inventore et minima eius aut. Ut aliquid vel tempore ullam labore voluptatem dolores veritatis. Quia eum consectetur quis debitis. Eos sequi fugit qui delectus sint. Illum quas et eos. Illum suscipit non hic cupiditate quis et.,Suit, 370
132,Raina Tank Top,Et id fuga voluptatem veritatis magnam molestiae.,Voluptas consectetur aut libero et officiis culpa vel aut in. Quaerat ducimus explicabo quod nisi iure est. Earum sed quo. Id sint vitae temporibus accusamus impedit ut iste repellendus earum.,Tank Top, 968
133,Michelle Shirt,Maxime aliquam eius.,Provident totam velit consequatur aut harum molestiae. Quia et quia voluptatem ullam quisquam. Ea nemo odio enim ab voluptas. Maxime ut ex. Et doloribus temporibus voluptas rerum aut culpa veniam ducimus et. Rerum at placeat aut ipsam consequatur quis.,Shirt, 781
134,Lavonne Dress,Consequatur quia repudiandae rerum voluptatem.,Esse eum nobis molestias quia omnis. Perferendis sit incidunt quis blanditiis. Odit ut aut. Ullam excepturi qui ratione dolor cum. Minima impedit et atque dolores quidem consequatur beatae. Soluta est odio non et labore tempore consequatur rerum voluptas.,Dress, 759
135,Stacey Shorts,Molestias porro a.,Maxime ullam sit fugit ut. Officiis minima et quibusdam soluta. Inventore ullam recusandae consequatur sapiente nemo.,Shorts, 927
136,Greyson Shirt,Blanditiis omnis consequatur voluptatibus impedit.,Et suscipit ullam aut. Est quia dicta voluptas adipisci blanditiis dolorem harum facere. Sapiente eum quia necessitatibus dolores et reprehenderit. Quo qui sed. Aut optio enim ex deserunt dolores eaque eveniet dolorum.,Shirt, 854
137,Dorris Tank Top,Eos iusto expedita aperiam voluptatem.,Velit expedita non possimus cum id aperiam asperiores consequatur. Facilis odit vel sit non quis nobis laboriosam ullam unde. Quis id dignissimos. Quia suscipit voluptatem adipisci culpa qui eius consequuntur laudantium iste.,Tank Top, 886
138,Xzavier Sunglasses,Enim voluptatem blanditiis aut temporibus enim earum quis eum odio.,Consequatur praesentium sequi expedita. Voluptas eius ad et. Magni aut est natus molestiae sed dolore.,Sunglasses, 954
139,The Vernice Sweatpants,Est eos veritatis.,Qui sed voluptas aperiam minus adipisci inventore perferendis quidem. Illo id commodi dolorem fugit consequatur veniam aut mollitia et. Aut et dolorem commodi doloribus sint iste accusantium expedita.,Sweatpants, 620
140,Cara Socks,Esse similique culpa id reprehenderit ad saepe.,Repudiandae voluptatem repudiandae dolor. Reiciendis cupiditate provident animi qui id omnis aut. Perferendis rem autem aliquam non doloribus doloribus eos.,Socks, 16
141,Marcus Sweatpants,Labore tempore eos et placeat fugiat culpa ut.,Et nihil iure possimus perferendis. Dolorem sunt beatae debitis rem cum natus quia molestiae. Iure et voluptatem praesentium iusto cupiditate. Impedit quasi aspernatur vitae a quos aut sit ducimus quasi. Repellat accusantium corrupti sint omnis nam eum. Odit impedit soluta voluptatum voluptas quaerat a sint.,Sweatpants, 786
142,Camryn Boots,Iste corporis magnam.,Rerum impedit illo et autem. Odio ipsam autem vel at et odit doloremque incidunt. Quia exercitationem eum quam. Nobis inventore est rerum nisi. Inventore amet corrupti distinctio nemo.,Boots, 936
143,Khalid Skirt,Quod in quis vel non ratione.,Quas adipisci in repellat quam sint quia vel provident ipsa. Dolor dolorem voluptatem. Delectus dicta illo in ea hic officia similique. Animi distinctio alias fugiat porro nemo voluptatem laudantium. Veritatis aut sit quae voluptatem eaque fuga. Illum voluptas quo aut eos delectus ea inventore aliquid.,Skirt, 78
144,Alvina Pants,Nemo facilis facere soluta.,Facere sint incidunt qui id sed nesciunt fuga earum voluptatem. Quos nesciunt omnis non dolorem accusamus provident ea sint. Voluptatum omnis suscipit debitis.,Pants, 74
145,The Demond Sweatpants,Nisi porro in.,Assumenda nesciunt quis est. Deserunt provident accusantium porro molestiae. Sint molestias qui voluptas voluptate. Laboriosam ipsam maxime quis iste illo consequatur consectetur et ea. Praesentium dolore rem aperiam ut.,Sweatpants, 53
146,Gaston Sunglasses,Magni veritatis fuga ad maiores repellendus ut mollitia maiores.,Et ea autem omnis minus tempora expedita excepturi. Hic eaque doloremque sit in blanditiis sint quae eligendi. Sit beatae ea repellendus rerum nesciunt ea consequatur qui et. Dolor occaecati qui voluptatem voluptas qui odit et.,Sunglasses, 59
147,Margret Backpack,Quasi ut quaerat et.,Alias quis quos a et voluptatem dolor consequatur accusantium ipsum. Consequuntur debitis sit. Quibusdam quis sapiente pariatur exercitationem ratione voluptatem suscipit accusamus. Accusantium voluptate et. Incidunt qui nihil magni. Quia dolorum suscipit autem nam in.,Backpack, 128
148,Mckenna Jacket,Labore magni earum eveniet.,Vero laboriosam consequuntur voluptates. Eum id et et at. Autem delectus consequatur nihil dolorem voluptas maiores nulla rem voluptas. Voluptas id cupiditate reiciendis doloremque culpa debitis commodi repellat. Doloremque ipsum incidunt aut rerum consectetur iure. Nulla nobis sunt corporis est.,Jacket, 987
149,Nadia 0 Suit,Sed alias fuga quod accusantium ducimus omnis.,Soluta velit corporis vel officiis autem. Consequuntur corrupti veniam accusantium molestiae omnis quis ab incidunt. Ea dolores est explicabo quos asperiores ullam dolore nihil. Numquam illo maxime voluptatem.,Suit, 574
150,Kathryn Slacks,Blanditiis voluptatibus voluptatem sunt quas expedita officiis.,Molestias et quo reiciendis perferendis enim. Dolorum ut repellendus. Omnis eos dolores laborum odit illo tempora. Ipsam autem excepturi qui ratione.,Slacks, 505
151,Clair Shorts,Perferendis saepe commodi nam.,Fuga error quos voluptatem quisquam doloremque rerum aliquid aut perferendis. Porro temporibus aut numquam natus nulla similique maxime enim impedit. Aut illo hic. Voluptates voluptatem quas et magnam ullam non sequi. Sed ducimus reiciendis enim et eum molestiae.,Shorts, 89
152,Jennie Romper,Rerum ipsum autem nesciunt modi consequatur accusantium.,Porro voluptas aut rerum eos vero amet. Itaque sed nihil iure et fugiat et et dolorum. Corporis est vitae omnis illum. Enim laborum voluptates natus quos et. Delectus magni voluptas ipsum. Ut illo deleniti iusto delectus ipsam consequuntur.,Romper, 946
153,Burley Jacket,Quos necessitatibus odio suscipit id ullam dolores cupiditate accusantium.,Quos quia accusantium labore est occaecati unde quia. Aut nam praesentium reiciendis rerum. Nesciunt libero quo fugiat voluptatum dolor accusantium nemo sed.,Jacket, 773
154,Freddy Dress,Illum voluptatem deserunt veritatis accusantium qui.,Iure animi molestiae ipsa qui quo. Repellat adipisci dolor aut blanditiis magni recusandae iure ut. A ratione facilis nihil laudantium.,Dress, 547
155,Rowland 50 Cap,Et maiores ut libero eum iste omnis molestias.,Aliquid est dolor officia corrupti cumque blanditiis excepturi adipisci. Blanditiis ut rem veritatis eos totam fugiat quae pariatur ad. Minus sequi ducimus ut adipisci et nihil veritatis minima accusamus.,Cap, 969
156,Carolina Boots,Ullam iusto ratione perferendis reiciendis iste.,Expedita nostrum reprehenderit quo odit est sequi et vitae. Cupiditate ut molestiae nihil dolorem molestiae architecto facere ab et. Consequatur porro et dolorum quos dicta dignissimos aut. Vitae fuga debitis voluptatem et.,Boots, 367
157,Gilda Shorts,Minus dolor ex beatae corporis omnis ipsa laudantium.,Atque voluptatem facilis eaque dolore nihil voluptas. In enim quos necessitatibus aliquid sed. Neque dolores temporibus saepe. Quia sapiente quis placeat illum esse optio. Qui ut dignissimos quibusdam accusamus.,Shorts, 997
158,Gustave Jacket,Voluptatem beatae ducimus quae.,Excepturi consectetur non magnam. Officia vitae dolores nesciunt suscipit quidem repudiandae ex odit voluptatem. Ut rerum eaque facilis qui quis. Aliquid quia ipsam nulla molestiae sapiente vel nisi.,Jacket, 617
159,Trycia Heels,Quia provident consequatur minima et quia corporis fuga.,Eos atque eos rem. Quis porro qui officiis adipisci omnis. Optio et eveniet eum et qui aut rerum et. Ducimus aut ex quasi dolorum porro quisquam dignissimos laborum voluptatem. Aliquam corrupti laudantium voluptatem.,Heels, 815
160,Geovanny Sweatpants,Voluptatem eos quaerat quia esse eligendi et inventore repudiandae rerum.,Sit labore similique. Dolorem saepe corrupti eos voluptatem et facere aut. Sint aut amet aut ut molestiae aliquam omnis similique consequatur.,Sweatpants, 252
161,Florencio Suit,Enim laudantium aut et et ut atque iste ducimus debitis.,Sit nesciunt quod labore est est animi voluptas quasi quis. Voluptatibus aut odio unde omnis velit illo vitae consectetur molestias. Eos similique veritatis voluptatem ipsa incidunt aliquam a illum laborum. Soluta molestiae beatae est dolore error.,Suit, 407
162,The Armand Tank Top,Qui et laudantium et rem expedita.,Debitis fugiat nostrum enim pariatur. Sed repellendus qui dolorem. Dolor in corrupti expedita adipisci occaecati qui. Perspiciatis quaerat voluptatem non dolores harum laudantium alias qui odio. Molestiae corrupti dolorem dolores occaecati voluptate eligendi exercitationem ut saepe.,Tank Top, 475
163,Anahi Heels,Voluptate aut illum et ut nobis.,Aut similique ratione quidem sed suscipit voluptatem ut. Saepe omnis ut. Ducimus eveniet et est iusto et veritatis reprehenderit repudiandae voluptates.,Heels, 815
164,Clair 50 Shorts,Voluptate laudantium alias qui aliquam laboriosam quia quae tenetur autem.,Et aut ea facere quae explicabo consequatur voluptas eos ratione. Et consequuntur error asperiores rerum molestiae voluptate. Repudiandae laudantium sint veritatis architecto et est nesciunt. Ad voluptas quam sequi id deleniti est ipsa veritatis dolorem.,Shorts, 475
165,The Alanis Trousers,Necessitatibus aut omnis.,Aut non officia consequatur repudiandae. Aut eligendi quis commodi ducimus animi et. Libero quidem labore laboriosam. Veniam possimus facere ut autem ea itaque atque reiciendis. Distinctio quibusdam quasi a suscipit quis quis.,Trousers, 701
166,Jalen Shirt,Facere fugit ea similique et est.,Debitis et repellendus. Amet ut fugit sit rerum in quasi eos sint nemo. Veritatis neque assumenda quae officia iste et quasi est. Rerum quo explicabo molestias ratione iure quidem odit cum.,Shirt, 81
167,Brent Tank Top,Debitis distinctio fugiat ullam.,Ipsum incidunt dolor illo facilis unde. Nihil a voluptas sint repudiandae. Maxime eius nulla impedit soluta aut et natus. Qui quidem quae quia enim voluptates impedit consectetur in. Earum ea dolorem ipsum similique.,Tank Top, 310
168,Eldon Shoes,Sint facilis est voluptates accusamus.,Perferendis suscipit possimus debitis sequi assumenda consequatur. Omnis molestiae quae voluptas. Delectus vel reiciendis velit explicabo dolor culpa quibusdam. Sint natus dicta exercitationem hic in occaecati non asperiores qui. Sed et eos cumque. Et ipsam voluptatem quidem deserunt omnis.,Shoes, 624
169,Sonny Skirt,Assumenda voluptas temporibus.,Voluptatem eos animi inventore dolor et corporis nostrum. Nihil enim molestiae fuga omnis magni tenetur. Esse odit dolores deserunt non necessitatibus est.,Skirt, 4
170,Ernestine Sweatpants,Dolores et eveniet voluptas autem perspiciatis neque quo iste minus.,Blanditiis rem ab est. Similique et eos rerum dolores eos iste dolor. Unde itaque atque deleniti quo consequatur dolore est.,Sweatpants, 458
171,Joanne Shorts,Aut fugit sint vitae labore id quia itaque.,Ut optio rerum quisquam et. Reprehenderit veniam iste impedit ipsum perferendis. Fuga quasi cum iste et doloribus eos sint. Doloremque et et eum sit dignissimos magni. Illo ab praesentium explicabo et fuga veniam non perferendis. Eius quo consequuntur architecto id molestiae non numquam cupiditate.,Shorts, 836
172,Noble Trousers,Nam ipsa aspernatur similique officiis odit sapiente ipsa aut aliquam.,Qui consequatur aut dolorem nesciunt aut similique et maxime et. Cum veniam atque. Odit ea et cumque molestias voluptatibus commodi dolores sint. Quia corporis et et. Numquam reprehenderit earum rerum ea. Nobis qui dolor.,Trousers, 446
173,Willie Trousers,Sint sint harum eaque in.,Exercitationem optio cumque mollitia est eaque. Ipsa aut sunt sequi sunt debitis nemo. Sed aspernatur fugiat.,Trousers, 78
174,Chauncey Skirt,Ut unde sit nam nisi.,Magni enim illum illum tenetur aut laborum laudantium et ea. Nesciunt voluptates cumque. Aperiam numquam nam tempore fugiat atque perferendis. Ad illo accusantium ipsum non temporibus sunt. Sapiente laudantium autem praesentium saepe quis facilis. Temporibus molestiae harum repudiandae aut a ut.,Skirt, 830
175,Vesta Trousers,Et et iusto ut blanditiis sit optio.,Velit animi dicta. Animi pariatur qui. Ad fugiat laboriosam qui natus id sunt. Aperiam debitis eligendi cumque non pariatur consectetur. Aperiam cumque voluptatem et quasi quis est rem.,Trousers, 254
176,Sigurd Hoodie,In recusandae velit est ut.,Et deserunt repellat unde cum. Est aut velit. Incidunt soluta recusandae autem non illum quia. Dolorem sapiente illo numquam voluptas maiores rem natus iusto repudiandae. Ab error cumque et corrupti id.,Hoodie, 871
177,The Roman Romper,Provident sint nemo.,Ut iusto quis rem deserunt et quis hic et voluptatum. Voluptatem voluptas animi eligendi ut ad et. Saepe consequatur sunt ea voluptatem quibusdam eos. Dolores est dicta aut. Maiores totam reiciendis suscipit quam.,Romper, 375
178,Elijah Shirt,Eveniet fuga neque laboriosam.,Dolore et quaerat aut in placeat ipsam quidem neque eos. Harum sunt inventore. Suscipit omnis nisi provident expedita iusto et numquam. Aut dolorum ea. Dolores sit sit suscipit asperiores. Tempora blanditiis cumque quia molestias ea vel.,Shirt, 28
179,Lucile Sweatpants,Veniam cupiditate vitae et omnis rerum.,Mollitia et temporibus sint ducimus molestias dolores mollitia. Ut asperiores labore. Et eveniet similique dolorem et rerum et minima. Non hic corrupti repudiandae itaque. Ut quia et minima nulla quaerat.,Sweatpants, 961
180,Carlie 0 Romper,Sequi numquam labore.,Ex est maxime odit minus debitis rerum. Magnam corrupti fugit consequuntur qui corrupti pariatur. Laborum et sunt aut assumenda qui est. Laudantium iusto consequatur nostrum laboriosam sapiente neque quis dignissimos eaque. Alias iure non non occaecati consectetur et repudiandae. Voluptatum esse autem ut est enim quod omnis.,Romper, 727
181,Jaylin Suit,Asperiores exercitationem distinctio ut facilis inventore.,Repellat qui nesciunt qui labore qui consequatur. Et quia sunt rerum maiores quo consequuntur odio voluptas sapiente. Laboriosam doloremque totam ea officiis non nihil exercitationem voluptatum.,Suit, 165
182,Mac 0 Socks,Aspernatur illo quos porro quasi rerum omnis similique ab aut.,Doloribus est officiis mollitia tempore quia iure consequatur. Vel modi consequatur nisi iure voluptates voluptas. Est eum est.,Socks, 309
183,Gordon Socks,Nostrum voluptatem quisquam molestias quibusdam veniam.,Eos et laudantium eligendi nisi. Et veniam qui. Consequatur quod earum dolorum est error sit itaque. Officiis recusandae eum dolorem quo porro et recusandae deleniti.,Socks, 738
184,Priscilla Coat,Eum quis amet quia molestias est.,Cum ut autem nisi consequatur maxime necessitatibus quisquam aut in. Necessitatibus consequatur possimus itaque aut voluptatem ea. Officia odio qui vel dolorum.,Coat, 877
185,Deanna Coat,Et aliquid nulla sit porro et non.,Error error quaerat. Nesciunt veritatis aliquid autem beatae. Velit expedita sit et.,Coat, 80
186,Lucy Hoodie,Consequuntur incidunt dolorum fuga et.,Ex explicabo et ipsum. Repellendus cupiditate non eligendi perspiciatis qui minima dolorem ut. Non voluptates ut dolor error. Numquam ex enim repellat necessitatibus. Saepe aut excepturi sapiente. Voluptas id in natus eveniet iure pariatur.,Hoodie, 833
187,Lane Coat,Aspernatur natus est et aut beatae totam.,Quae laborum cupiditate. Sed aut quia voluptate. Fugiat nostrum nobis. Voluptas architecto ipsa et ut labore adipisci et velit. Placeat atque odit quo incidunt ea deserunt illum et.,Coat, 588
188,Jennie 50 Trousers,Impedit nisi accusamus non.,Non commodi atque explicabo dolor quo. Unde minima officiis impedit eos. Ea quaerat et. Dolorem perspiciatis aut illo et. Consectetur animi eos ratione cumque deleniti sapiente quis.,Trousers, 300
189,Donato Heels,Est consectetur provident voluptatem.,Laborum animi quod. Sed natus vel est. Quidem officia est ad adipisci.,Heels, 196
190,Tyler Pants,Tempora voluptatem at repudiandae porro eligendi illum.,Voluptas doloribus odit rerum aut iure et dolor autem. Sit ab ducimus quas est dolorem soluta quidem. Ea aut suscipit.,Pants, 642
191,Adelbert Skirt,Dolor asperiores provident autem suscipit eius.,Unde sit explicabo et ut corrupti. Necessitatibus rerum necessitatibus omnis. Ut reiciendis harum laboriosam aut consequatur cumque aut deserunt.,Skirt, 823
192,The Vicky Shorts,Labore nisi inventore id consequatur ut recusandae cum porro.,Voluptas earum sed aut consectetur et itaque sint voluptatum nesciunt. Vero necessitatibus natus reiciendis rerum quibusdam recusandae voluptas aut. Facere nihil dolor et ratione quas. Dolore eos rem et eius velit tempore est qui quo. Quibusdam aut eveniet omnis alias sint blanditiis velit aut.,Shorts, 34
193,Eleanora Shirt,Ducimus sequi alias ratione.,Et temporibus dolorum pariatur sint. Et eaque et qui atque. Aut repellendus ut eos voluptatem a omnis veritatis. Maiores aut qui commodi. Quas architecto expedita adipisci ullam eos. Consequuntur quis minima soluta nihil et sed quaerat.,Shirt, 846
194,Elta Socks,Reprehenderit culpa esse exercitationem sequi commodi quod et voluptas optio.,Vitae reprehenderit odio atque dignissimos voluptatem. Quos accusamus ipsam praesentium aliquam repellat dolor ut nobis doloremque. Aut quam est aliquid aspernatur quibusdam doloribus. Vero aut assumenda. Consequatur eaque delectus.,Socks, 862
195,Kelvin 50 Sunglasses,Dolores recusandae praesentium aperiam dolor ut.,Aut eum voluptas suscipit omnis repellendus quod. Optio in consectetur alias. Optio voluptas aspernatur. Ut soluta unde et sed quo. Quo dolorem modi excepturi rerum explicabo.,Sunglasses, 276
196,Thalia Pants,Placeat autem asperiores magnam rerum aut animi.,Et cumque optio nihil est autem. Assumenda perspiciatis doloribus fugit cum. Modi illum laboriosam fugiat sit quia maxime. Ut eos similique quo consequuntur deleniti ipsum. Nihil voluptate pariatur quod fuga nihil ipsam est. Id a dolores molestiae error corrupti eveniet ea.,Pants, 996
197,Dennis Shoes,Natus sapiente beatae.,Vel eos exercitationem autem provident. Nemo sit aliquam. Dicta est laudantium voluptatum a deleniti aliquid dolorem vero natus. Qui atque qui voluptatum vitae ipsum labore repellendus asperiores.,Shoes, 891
198,Jaida Coat,Nostrum et voluptatem vitae eos quidem delectus.,Veritatis ipsum adipisci quo ipsam corporis ex earum in. Qui rerum hic. Maxime tempore ea. Odio incidunt nulla velit magnam eligendi nihil. Blanditiis repudiandae quibusdam optio et delectus perferendis molestias.,Coat, 253
199,Bertram 50 Shorts,Unde fugiat perferendis velit quis sed dolor dolorem.,Maxime non ut dolor ut deleniti corrupti perspiciatis debitis. Ad enim ex impedit exercitationem a. Magni perferendis ab vero cumque. Quia aut impedit maxime sunt et. Beatae iure enim quasi voluptatem placeat voluptatibus voluptatem at. Iusto dolore at et tempore culpa dolores non ex officiis.,Shorts, 162
200,Myrtice Tank Top,Quaerat et hic consectetur ipsa vitae perspiciatis quia incidunt.,Quasi incidunt at. Consectetur aut ex ad nihil quis sunt tempora nulla. Culpa est ea nisi sunt totam dolor. Impedit accusantium sed in aut quibusdam provident sed.,Tank Top, 972
201,Eric Slacks,Et autem aut placeat voluptatem quis esse.,Aut fugit modi. Hic ut debitis adipisci quos dolor mollitia illum repudiandae. Vel nihil esse quidem consequatur distinctio. Quia dolor earum sit. Quia hic maiores dignissimos exercitationem aut aperiam dolor. Molestiae aut ipsum natus inventore consequatur molestiae.,Slacks, 809
202,The Valentina Suit,Quibusdam aut numquam qui natus necessitatibus ab vero quia.,Non illum alias consequatur optio fugiat facilis qui similique. Ut voluptas vel et. Est ipsum vitae officia et officia in dolor.,Suit, 648
203,Erica Sweatpants,Blanditiis non distinctio explicabo est sed vero saepe odio.,Aut nihil fuga provident itaque sunt rerum dicta explicabo. Perferendis ratione quia aliquid molestiae sed et adipisci qui. Rem qui voluptatem nemo excepturi iusto. Occaecati atque labore maiores ut.,Sweatpants, 707
204,Jane Hoodie,Aut sunt sunt tempora est et ut modi.,Quia veniam aut eligendi accusantium fugit rerum repellendus molestiae. Eos molestiae vitae odit magni. Consectetur omnis sequi cum unde. Eius omnis tenetur temporibus nemo velit aut maiores commodi aspernatur.,Hoodie, 751
205,Simone 0 Romper,Eum modi nostrum illo possimus.,Eveniet veritatis exercitationem. Sequi temporibus dolor tenetur est est velit est quos dolores. Dolor quaerat aliquid qui non itaque nam eaque deserunt explicabo. Possimus consequatur corrupti ipsa perspiciatis excepturi nulla occaecati itaque. Quia nemo alias ut.,Romper, 232
206,Lupe 0 Dress,Rerum hic vitae officiis et at laboriosam ut illum sequi.,Voluptatem quaerat doloremque dolorem similique. Accusantium animi perferendis et officiis molestias corporis atque. Aut porro aperiam et doloribus facere beatae ducimus. Tenetur tempora voluptatibus placeat asperiores. Accusamus vel qui magnam doloremque ullam aut voluptatum. Quas aut excepturi totam quam qui eveniet voluptas voluptatibus distinctio.,Dress, 263
207,Nicolette Suit,Amet enim et voluptatem libero.,Quis architecto enim mollitia. Sint commodi id nisi similique quasi sunt illum molestiae. Voluptate nesciunt modi qui.,Suit, 755
208,Agustin 50 Coat,Sit est ex.,Et nostrum illo. Id aut quasi veniam nihil libero quam nisi. Est cupiditate illo. Sint amet alias. Porro ducimus aperiam reiciendis quis. Repudiandae tenetur nobis assumenda dolores ipsa dolorem nostrum.,Coat, 263
209,Else Sunglasses,Voluptatem error inventore eum cupiditate aut vel cum.,Cumque ut eos optio dolorem nihil voluptatem. Nisi sed aut pariatur et mollitia alias voluptatem. Aut non unde recusandae repellat qui delectus. Autem est quia excepturi id sequi rem non. Debitis nemo quae molestiae cumque aut aperiam nulla temporibus et. Nesciunt est voluptatum et ut mollitia optio.,Sunglasses, 858
210,Emile 50 Dress,Voluptates facere commodi qui velit dolor et unde neque.,Et repellendus ut vero veritatis facilis. Natus sit veniam impedit ut est. Dolores sint magni assumenda aliquid ut sapiente incidunt. Nisi dolorem quos sed neque. Reprehenderit ea quas tempora est. Eum ut dolores qui possimus voluptatum quia natus.,Dress, 452
211,Richard Pants,Exercitationem consequuntur et ipsum voluptas rerum minima delectus commodi eveniet.,Cum illo velit omnis voluptas quis nostrum ipsam ut. Est labore quae ullam aut. Nesciunt omnis deleniti et est laboriosam. Esse dolorem sit id rerum omnis.,Pants, 143
212,Devonte Shirt,Tenetur non rerum autem minima quaerat et.,Magni inventore voluptate ipsam autem nobis autem velit. Ipsum error quaerat. Perferendis iste sed doloremque tempore occaecati cum et. Eius sint totam perspiciatis velit non nostrum libero minima. Assumenda tempore expedita rerum architecto. Laborum consequuntur cumque officiis esse autem expedita.,Shirt, 376
213,Hailee Trousers,Provident sit aut earum numquam.,Qui corrupti in impedit quo. Dignissimos enim laboriosam quo perspiciatis delectus ut. Adipisci dignissimos et tempora qui. Voluptatibus quibusdam expedita quo voluptatem quisquam quaerat nihil cum optio. Labore maxime culpa eveniet. Qui molestias quisquam cumque.,Trousers, 36
214,The Eliezer Cap,Quo totam corrupti repellat incidunt earum eos.,Consequatur omnis quis. Delectus consequatur ad vero sequi natus qui. Magnam reprehenderit officiis occaecati aspernatur tempora laboriosam placeat voluptatibus. Odit ipsam et corrupti quod accusamus ratione dolor et.,Cap, 551
215,Sonya Pants,Et aut temporibus saepe quia labore et quas assumenda.,Aut corrupti voluptates. Inventore est fugiat rerum numquam quo voluptatem in eos libero. Iste delectus dolor voluptatibus reiciendis. Eligendi eaque harum. Quaerat non omnis culpa ipsa dolorum dolorem.,Pants, 365
216,Kristofer Shirt,Minima iste tempore in.,Incidunt fugit alias et sit et veritatis occaecati rerum. Voluptatum maxime velit. Alias dolore distinctio ad facilis vel. Explicabo dolorem necessitatibus aspernatur labore provident est quis voluptatem. Voluptas nostrum sed temporibus.,Shirt, 675
217,Raegan Heels,Vel nesciunt repudiandae.,Id ab perferendis perspiciatis suscipit illo omnis. Nostrum labore corrupti nesciunt animi veritatis sunt. Vel quod quae excepturi voluptatem aut. Sit ut ex deserunt omnis et quaerat alias. Minus porro in ex.,Heels, 573
218,Shakira Skirt,Explicabo omnis qui voluptatem at eum et id accusantium voluptas.,Nobis aut iure ut occaecati iste. Non et voluptatum id molestiae amet voluptatum quae non. Non dicta culpa at et nam sit distinctio voluptatum. Ullam sit nisi doloremque. Qui dolores itaque aperiam et. Ipsum eligendi in optio impedit dolor numquam.,Skirt, 848
219,Roselyn Socks,Vel officiis repellendus earum.,Consequatur dignissimos sunt qui ea et suscipit eum pariatur dolorem. Sapiente aperiam iusto et eos ad debitis sequi non. Inventore qui ipsam ea voluptate laboriosam eius et. Doloremque dicta et facere doloremque adipisci ab occaecati veritatis.,Socks, 483
220,Duane Shorts,Eum sed ea.,Quae tenetur voluptates ut consequuntur harum quidem. Ut porro voluptas non ullam. Dignissimos nobis sed reprehenderit quia.,Shorts, 145
221,Anibal Heels,Dolores atque eligendi cupiditate repellat aut.,Dolorum aut commodi nihil non itaque hic harum commodi. Quia sit rem in distinctio labore est quaerat nihil. Soluta labore quod. Non nulla molestiae est quo voluptatibus. Quia dignissimos aut nostrum non autem.,Heels, 601
222,Geoffrey Cap,Quae voluptatum quae eos.,Minus voluptatem sunt ut beatae. Itaque repellendus hic natus qui qui libero non eveniet. Sint quia dolorum nemo officiis autem voluptates ratione veritatis. Totam aliquid consequatur eaque.,Cap, 68
223,Judd Sweater,Natus eum sapiente accusantium consectetur deleniti.,Quo possimus eligendi aut sunt quidem suscipit nemo vitae tempora. Culpa aut eos voluptatum. In aliquid at eos aliquid. Quisquam soluta aliquam rem. Vitae aut eaque vero error porro ab.,Sweater, 90
224,Kasandra 50 Hoodie,Eum aut ut esse suscipit ipsum ab aut sed inventore.,Eveniet assumenda voluptatibus consequuntur architecto nihil est consequatur. Qui perferendis velit molestiae velit consequatur consequatur. Reiciendis nam dolorem tempora praesentium eos. Velit laboriosam reprehenderit sapiente omnis dolorum et dolores et. Sit impedit sunt adipisci iusto aspernatur iure saepe et.,Hoodie, 656
225,Amber Shoes,Quae officia natus nulla et.,Eum culpa incidunt nisi placeat numquam magnam. Officia ullam qui voluptatem adipisci quibusdam minima tempore sint molestiae. Quidem error rem. Quia vel dolores odit repellat exercitationem fugit. Non dicta nemo architecto numquam provident nisi in dolores sit. Iure ab quia ducimus numquam quo sed quia quis.,Shoes, 300
226,Paula Romper,Sit in possimus est debitis officiis fuga iure.,Qui reprehenderit accusamus voluptatem. Nam veritatis distinctio ratione excepturi reiciendis. Quia molestiae voluptatem aliquid. Eos tempora accusantium tenetur quibusdam et dolore aut. Veritatis doloremque id delectus qui dolores.,Romper, 560
227,Chaz Trousers,Velit iste esse mollitia.,Sit id culpa exercitationem explicabo aut rerum occaecati. Nam iure assumenda labore adipisci culpa expedita esse voluptatem id. Odio expedita sunt magni atque. Ea omnis corporis vel aliquam in error et eum laudantium.,Trousers, 988
228,Arlo Sweater,Iste quaerat sed reprehenderit dolores quos provident id libero.,Natus consectetur rerum quis maiores molestias. Voluptatem voluptas laborum non temporibus repellat et laudantium eligendi. Nisi quibusdam quasi incidunt molestiae adipisci sed occaecati. Quasi rem et ut beatae. Dolorum omnis corrupti nesciunt quis porro quia quidem adipisci tenetur.,Sweater, 69
229,Gia Sunglasses,Libero sint quidem repellat voluptas illo reprehenderit.,Magnam quos totam odio et temporibus. Vel laboriosam asperiores voluptatem consequatur maxime adipisci. Necessitatibus vero nemo.,Sunglasses, 446
230,Carey Pants,Nobis repellendus exercitationem.,Odio porro rerum quis et consequatur dolor unde quis provident. Dolorum est harum error quidem temporibus dolore. Accusantium perferendis veritatis qui ipsa. Eveniet qui optio modi dolores. Nihil facilis assumenda et et.,Pants, 530
231,Jamison Sweater,Delectus at est.,Beatae id dignissimos iure et atque quia rerum. Asperiores quidem dolorem provident. Nihil omnis voluptas placeat omnis sit est architecto velit. Eum ducimus voluptas minus et illo nulla non qui. Et vitae dolorem sed autem. Et ut atque.,Sweater, 220
232,Bonnie Cap,Aut dolorem distinctio dolor et.,Repudiandae quas pariatur aut cupiditate sunt. Odio sed dolor dolores molestiae optio delectus fugit nulla enim. Officia ut expedita ad velit sed dolorum inventore.,Cap, 469
233,Aron Sweatpants,Illo vitae temporibus sed officiis.,Unde rerum qui blanditiis nihil et excepturi harum in maiores. Laborum veritatis officiis et quia. Corporis debitis debitis alias aliquid iusto molestiae deserunt. Est quis sit corrupti est eos.,Sweatpants, 445
234,Sibyl Skirt,Aut consequuntur deleniti unde ut voluptatum mollitia nihil.,Quidem modi atque enim. Explicabo odio dolorem consequuntur hic et sunt numquam. Earum officia maiores sed omnis mollitia aut cumque natus perferendis. Illo dolorem quam possimus iusto nihil rerum. Aliquam magni corrupti autem aperiam soluta corporis accusamus qui autem. Quaerat vero aut corrupti ex corrupti beatae.,Skirt, 663
235,Vern Boots,Esse quas quis doloremque tenetur natus.,Eos maiores nulla officia nulla autem fugit dolorem. Aliquam fugit sed nobis est quo rem earum earum harum. Quo iusto voluptatem rem maiores repellendus sed ut nesciunt. Facere enim dolorem. Commodi maiores quod nam.,Boots, 388
236,Brando 50 Trousers,Est quibusdam molestiae blanditiis est id enim.,Eligendi natus possimus et molestiae necessitatibus eum at possimus ad. Alias quas ullam delectus quidem nihil exercitationem eaque perferendis dicta. Repellat totam et error quo ipsam. Voluptas nam nesciunt. Recusandae cumque doloremque consequatur quam dolorem labore exercitationem id.,Trousers, 287
237,Carrie Boots,Culpa beatae ipsam.,Explicabo fugiat dolores consequatur vitae. Quod voluptas consequatur autem animi error. Sint nisi et possimus aut praesentium. Nisi libero a. Neque assumenda voluptas et tenetur dolorem id itaque facilis. Vel voluptatem voluptatum velit sed voluptas.,Boots, 399
238,Vanessa Dress,Et error et quo quas laudantium sed sunt.,Sed sint qui quo suscipit autem corporis. Eum fuga facilis nobis vitae. Eligendi sit ut ratione hic qui nihil quos voluptates corrupti.,Dress, 173
239,Anne Sweater,Voluptatem aut et.,Dicta fugit incidunt sint rerum quos. Earum est et. Fugiat et maiores qui et harum maxime autem nostrum rerum.,Sweater, 135
240,The Winfield Coat,Natus est eligendi.,Quidem laboriosam non minima eum consequatur veritatis. Quisquam voluptas iste corporis vero. Qui sit ratione impedit. Laboriosam nostrum iure nostrum ducimus ipsa dolorem exercitationem at. Praesentium adipisci tenetur consequatur dolor illum in.,Coat, 517
241,Sydnie Sweatpants,Sit temporibus error dolorem aspernatur ea et enim nobis enim.,Doloribus voluptas quasi in incidunt voluptas veritatis aut soluta nesciunt. Illum vitae voluptatem iure esse quisquam laboriosam libero. Illum enim est. Officia voluptas quam qui aut voluptatum voluptatibus molestias. Velit aut excepturi et repellat eum aliquam et rem.,Sweatpants, 701
242,Lenora Shorts,Dolores voluptate perspiciatis quis.,Reprehenderit hic nemo incidunt soluta totam tempora non. Maiores itaque ea eos placeat quia. Sapiente aut qui laboriosam quibusdam perspiciatis iure. Aspernatur voluptatem optio ut perspiciatis saepe modi et qui iure.,Shorts, 336
243,Stewart Socks,Autem dolor quas.,Ut dolorum quis consequatur vel esse maxime facere quisquam. Nihil odio adipisci eos. Velit voluptatum et vero sint. Doloremque temporibus eos. Vitae molestiae repellat aliquid debitis quibusdam nostrum doloremque.,Socks, 51
244,Franz Shoes,Ut et reprehenderit non corrupti minima rerum adipisci.,Quibusdam dolor sed. Ab autem quasi sit aut ut quibusdam. Et et temporibus.,Shoes, 689
245,Danny Boots,Veritatis reiciendis recusandae et illum ducimus.,Occaecati consequatur nam rerum voluptas non. Itaque sint sit et iusto reiciendis consequatur. Qui beatae nesciunt. Consectetur earum et quos est a. Sunt molestiae quo occaecati quis et consectetur in. Labore laudantium incidunt quidem nesciunt neque aut magnam ipsam.,Boots, 371
246,Cristal Heels,Deleniti sint a aspernatur inventore.,Quo illum possimus eveniet eos eaque illo reprehenderit. Natus neque corporis delectus id omnis. Autem eveniet ipsum nihil ea illo ea ex harum et.,Heels, 270
247,Caesar Backpack,Ut architecto et id vero provident.,Ut voluptates vel non fugit. Ut aperiam ducimus minima dolorem. Quas qui nulla est pariatur.,Backpack, 586
248,Hettie 50 Shirt,Asperiores vel laboriosam ducimus dolores ratione omnis.,Rem eveniet nulla in quis molestias aliquid commodi sunt beatae. Non sunt aut accusantium sequi. Maiores qui dolores eius recusandae soluta velit laboriosam.,Shirt, 106
249,Ebba Boots,Incidunt rerum dolorem rem nobis facilis.,Nisi velit quis est consequatur nihil maxime necessitatibus. Cumque corrupti maiores est quidem iusto fuga. Ut suscipit ut velit. Soluta nam magni inventore qui ullam ut. Rem voluptate explicabo doloremque voluptatem aut perferendis suscipit debitis.,Boots, 635
250,Verda Hoodie,Temporibus voluptatem ut distinctio sunt adipisci sit.,Quos autem saepe nostrum repellendus laborum non voluptate quia. Rerum voluptas aut. Dolore quam repudiandae molestias aut voluptas adipisci fuga sequi nesciunt. Inventore voluptatem maxime ut quis quam cumque in nihil adipisci. Ipsam et voluptatem adipisci soluta quisquam consequatur qui nemo. Qui rerum sint porro occaecati rerum.,Hoodie, 535
251,Makenna 0 Hat,Quae nihil ullam omnis quas maxime.,Alias perspiciatis velit. Ut voluptate maxime in possimus quisquam vel officiis nam. Qui vel numquam consequatur. Quae maiores odio nam molestiae tenetur sunt. Aperiam accusamus inventore animi asperiores corporis minima nostrum.,Hat, 972
252,Adaline 0 Hat,Maiores ratione nulla facere est est possimus nesciunt.,Soluta aliquam voluptatem. Omnis voluptatibus ratione. Ut aliquam laborum et illum consectetur necessitatibus. Minus adipisci sit ut quae aut. Labore dignissimos aut iste nihil magni. Ad aut qui sunt sunt.,Hat, 948
253,The Spencer Romper,Fugit labore distinctio exercitationem perspiciatis aperiam tempora velit nesciunt.,Nemo tempore eveniet ea laboriosam vitae. Eius maxime velit dolorem necessitatibus temporibus consequatur similique impedit. Hic tempora occaecati id aut alias eum soluta aliquid.,Romper, 871
254,Mckenzie Coat,Vel in animi sit reiciendis.,Rerum rerum inventore. Saepe quo consequuntur architecto. Perspiciatis quam quis ut sed. Voluptatibus natus illo exercitationem est illum praesentium suscipit velit quos. Non aliquam accusamus tenetur.,Coat, 99
255,Fredy Dress,Debitis impedit fugiat sit.,In in itaque officia numquam. Et sed excepturi perferendis consequatur dolores veniam quibusdam. Enim harum incidunt et dolorum.,Dress, 781
256,Vada Heels,Aliquam pariatur consequatur quaerat iusto earum saepe veniam eos.,Sapiente et aut natus neque placeat. Modi ea atque eius. Est autem qui dignissimos sed ducimus et.,Heels, 130
257,The Adrian Socks,Autem et non nihil dolorum eveniet.,Est est doloribus error. Facilis deleniti sed dolorum. Voluptas eum voluptatem ratione reiciendis. Est iusto qui.,Socks, 844
258,Johnpaul Sweatpants,Numquam iure qui et magni aspernatur enim at eveniet.,Velit non reprehenderit quia nesciunt. Beatae pariatur esse dolores vitae consequatur. Quo totam sunt rerum aut odit rem est cumque rerum.,Sweatpants, 690
259,Carmel Backpack,Sed velit sunt et reiciendis ut officia quasi excepturi consequuntur.,Incidunt illum quo saepe quisquam sint velit. Id itaque culpa aut illo. Vitae voluptatem optio consequuntur et repellat ut dolore qui.,Backpack, 347
260,Bruce Tank Top,Dolore et rerum alias illum dolorem cupiditate.,Ipsum id cum quaerat eaque maxime rem veniam. Vel porro doloremque iusto rem est harum cum molestiae repellendus. Quo doloribus quia provident sed. Hic quis eos eius numquam tenetur.,Tank Top, 626
261,Herman 0 Tank Top,Dolorem qui delectus libero aut.,Et itaque occaecati. Deleniti hic quidem qui ut deleniti qui velit. Officiis nobis numquam. Voluptas tempora aliquid.,Tank Top, 408
262,Johnson Suit,Voluptates et quasi.,Autem vitae delectus nam. Delectus quo ut labore voluptas corporis. Ut nisi nihil quo nihil non. Itaque est voluptates exercitationem.,Suit, 154
263,Jerome 0 Coat,Asperiores fugiat velit consequuntur ut ex rerum magni nihil.,Aliquid libero veniam quae. Consectetur dolorem a. Aperiam consectetur in magni. Et pariatur laboriosam sint. Ipsum quia animi explicabo rerum id nulla accusantium voluptates doloremque. Sit aut fugit aut.,Coat, 732
264,Deonte Shorts,Fuga sint expedita voluptatibus dicta suscipit placeat officiis et.,Ipsa aut ut harum sequi aperiam reiciendis rerum id. Consequatur doloremque nulla non at. Sunt itaque asperiores eius sunt voluptas natus maiores.,Shorts, 537
265,Haskell Sweatpants,Aut enim et voluptate.,Vero cumque facere enim officia eligendi fugit saepe mollitia reiciendis. Aut exercitationem labore et voluptates fugit. Vero facere neque et rem.,Sweatpants, 83
266,Kasandra Cap,Odit dolorum eius iste.,Cum ad veritatis nostrum blanditiis. Harum eligendi fugit inventore recusandae quis minus fuga voluptatem. Neque culpa omnis cum rerum temporibus laboriosam quibusdam. Necessitatibus et ut hic reiciendis nam aliquid. Doloremque atque quia quo error qui quasi tenetur adipisci sequi. Vel voluptas sit temporibus iste sequi aut quo asperiores.,Cap, 419
267,Amy Tank Top,Minima fugit quod et sed voluptatum voluptatem officiis dolorem.,Enim qui occaecati ex sunt ea incidunt voluptas delectus. Voluptatum vero non suscipit dolore nihil nesciunt ut vitae illo. Nisi quidem sit expedita id deserunt fugit fugit veniam.,Tank Top, 689
268,Elva Dress,Enim animi eveniet incidunt.,Quis tempore impedit distinctio blanditiis aut quis. Rerum fugit ea deleniti itaque repellendus. Odit in sunt sequi dicta qui. Vitae ut molestiae quae et culpa. Necessitatibus maxime magnam facere ut dolore quod nihil laboriosam.,Dress, 612
269,Maddison Suit,Et debitis magni dolores hic.,Veritatis provident in doloribus quo eum. Dolorem ut asperiores doloribus minima. Quis ut laudantium hic nam rerum impedit cum libero.,Suit, 83
270,Reed Skirt,Sit quaerat in inventore magnam et a at.,Minima dolor eligendi sed doloribus dolores consectetur optio. Perferendis corporis ipsam consectetur necessitatibus sit rerum dolorem assumenda. Officiis sed minima eaque in quia voluptatem voluptate officia et.,Skirt, 407
271,Emmitt Sweatpants,Delectus quo qui exercitationem.,Quod qui excepturi ea. Fuga ab debitis eaque maiores quod impedit ipsum sed. Consectetur voluptate tempore sit. Aut mollitia dolorum.,Sweatpants, 860
272,Jaime Backpack,Dolorum est voluptatem blanditiis.,Quia saepe non. Voluptatem voluptas sunt laboriosam. Eum pariatur quia ut soluta culpa odio voluptatem. Ea neque aliquid sit cum.,Backpack, 128
273,Eleazar Pants,Officiis tempora et consequuntur velit dolor nihil et suscipit unde.,Minima hic eaque ut. Delectus dolor cupiditate unde incidunt deserunt repellat et aut. Laborum deleniti consectetur et commodi. Et deleniti culpa eos repellendus beatae eveniet atque quo. Molestiae quidem ab tempore nam ea excepturi.,Pants, 1000
274,Kaleb Socks,Ea ea porro laudantium neque illum qui.,Molestiae incidunt rerum beatae. Non provident pariatur perspiciatis aut. Id et reiciendis error. Ipsam rerum voluptatibus libero sit quam deserunt cupiditate.,Socks, 507
275,Leila Trousers,Architecto eum quo dolores consequatur.,Tempora saepe dicta voluptas repudiandae. In enim fuga. Vitae ex aut voluptatem. Nihil et illum ut placeat tempora.,Trousers, 769
276,The Katrina Shirt,Rerum consequatur maiores qui beatae.,Est sapiente mollitia eius ab nulla alias veniam iusto vero. Aut numquam veritatis fugit dignissimos enim cum a. Ratione a voluptatibus iure sequi voluptatibus amet in. Maiores consectetur in laborum minus est facilis illo sequi rerum. Quos corporis ut odit impedit doloribus est quos nihil.,Shirt, 230
277,Wiley Backpack,Autem aut quasi iste dolores perspiciatis neque ab iste velit.,Libero aut molestias et qui impedit aliquam. Quas est facere nostrum accusantium. Repellendus ab et beatae quis possimus excepturi quo ducimus consequatur. Ratione et ipsum.,Backpack, 36
278,Arvel Sweater,Distinctio accusamus quia itaque temporibus.,Inventore facere eius quibusdam exercitationem. In omnis cum ipsum. Asperiores possimus non qui. Accusamus aut quae sapiente. Eaque omnis et. Explicabo dolor quos.,Sweater, 187
279,Baylee Shoes,Et est temporibus est voluptas culpa et eum.,Soluta voluptatem explicabo animi qui est. Ea rerum asperiores quia doloribus qui error ullam. Voluptatem aperiam sit similique earum vero placeat perspiciatis eum repellendus. Eos et error repellendus. Voluptas atque expedita aut sit exercitationem aut.,Shoes, 735
280,Reagan Dress,Et sit minima ea at et sed.,Est at ut ratione qui aut. Voluptatem labore vero. Qui saepe necessitatibus et adipisci.,Dress, 4
281,Hassan Sweater,Aliquid voluptas rem temporibus accusamus eum.,Sed fugit assumenda ducimus laudantium quo repellendus illo hic. Velit porro libero beatae aut optio mollitia adipisci architecto asperiores. Hic vel ipsum hic eum impedit dolor. Quas est esse libero nobis ducimus dolorem deserunt sequi id.,Sweater, 799
282,Clifton Dress,Eos quas neque voluptas mollitia et.,Quaerat aut omnis inventore odio et sunt. Harum in dolor similique sit exercitationem autem et qui est. Sit dolorum ut asperiores labore quisquam aut odio labore dolorum.,Dress, 40
283,Vickie Sweatpants,Illo numquam accusantium.,Iure molestiae non quia quod eius. Nisi natus ut ab deserunt ea. In praesentium odio iusto placeat atque nulla fugiat rerum. Quaerat quia autem est. Nam deserunt ipsa inventore debitis deserunt qui nobis odio non. Magnam rerum dolorem ratione nemo est quia quia consequatur.,Sweatpants, 58
284,Sienna Shirt,Expedita doloribus veritatis perspiciatis fugiat quisquam laborum autem quod.,Repellendus odio et quibusdam dolorem rerum nihil inventore tempore maxime. Explicabo sit est in et qui voluptatem animi aut. Ut sed sint corporis consequuntur dignissimos sint libero quis voluptatem.,Shirt, 827
285,Jadon Pants,Molestiae facere amet provident itaque rerum et.,Voluptas quia qui cum illum culpa eum nemo. Ipsa fuga eligendi atque est velit laboriosam facere. Maiores omnis laborum nesciunt ullam eligendi unde nihil. Id aut pariatur ad dolorum aut ea. Et non eos.,Pants, 707
286,The Makenzie Pants,Ratione ullam iste cum quasi.,Unde enim voluptas ipsum sed quisquam beatae nesciunt. Autem magnam culpa veritatis aliquam eaque praesentium nesciunt sequi. Impedit quam recusandae nihil qui libero. Magnam optio repellat et molestias facilis et. Enim amet blanditiis recusandae et sint accusantium.,Pants, 648
287,Krystina Suit,Unde eum modi nostrum ex non enim necessitatibus aut.,Deleniti sit rerum facere. Sunt sapiente qui suscipit eos rem qui est sed. Aut velit reiciendis doloremque repudiandae porro impedit minus et exercitationem.,Suit, 893
288,King Pants,Rerum et iure cumque est quaerat autem tempora consequatur explicabo.,Ut voluptatem consequatur quo minima. Sed quae doloremque consequatur. Aliquam et praesentium non minima dolor. Excepturi explicabo iusto doloribus.,Pants, 583
289,Shanelle Socks,Velit illo quia odio assumenda voluptatem a minus.,Tempore illo nesciunt. Illum qui ut atque sequi qui commodi. Id ad quam saepe.,Socks, 545
290,Ryan Trousers,Id quae iure fugit libero sint aut vero.,Non laborum quia reiciendis tenetur. Voluptatum iusto iste. Incidunt eaque repudiandae dolore iure. Deleniti quasi recusandae ut porro. Ut et possimus eum.,Trousers, 958
291,Kamille Sweatpants,Tempora soluta tempora modi ut beatae.,Eos dignissimos tempora velit odit molestiae. Rerum dolorem iusto cumque nihil accusantium. Ipsum blanditiis delectus consequatur debitis qui neque rerum officia.,Sweatpants, 172
292,Trevor Hat,Qui aspernatur est accusantium autem dolor ad.,Nobis voluptatum similique. Natus ut porro et voluptatibus voluptatem rerum et explicabo omnis. Autem nemo voluptates non in sed. Dignissimos sit quo animi non sint deleniti.,Hat, 39
293,Erika Backpack,Dolorem autem dolorum dolorum fugit.,At odio itaque velit qui et sequi enim. Illum praesentium doloribus laboriosam rem est itaque. Fuga quibusdam inventore cum repellendus numquam laudantium et voluptates. Earum voluptatem temporibus omnis in voluptas nihil consequatur. Quibusdam dolor tempore porro cum molestiae.,Backpack, 488
294,Zachary Pants,Quia molestiae maxime itaque eum qui molestias.,Occaecati doloremque repudiandae aut. Sit eum id exercitationem omnis quos. Aut autem excepturi modi recusandae quod accusantium est esse. Magni porro temporibus quae possimus.,Pants, 842
295,Russell Hoodie,Accusamus est autem.,Et ipsa qui maxime qui nihil maxime praesentium corporis rerum. Molestiae eos ratione. Temporibus in suscipit laborum.,Hoodie, 899
296,Cooper Shorts,Perspiciatis voluptas molestiae ex atque expedita nemo perspiciatis ut nisi.,Autem est aut magnam architecto velit maxime. Eum qui excepturi consequatur fugiat. Quasi esse et nisi. Sit adipisci voluptates soluta dolores numquam saepe fugit sint.,Shorts, 32
297,Pietro Hat,Corporis dolorem provident eum tenetur harum non.,Nostrum at illum rem repellat a ipsum. Repudiandae natus optio quibusdam at dolores est omnis. Facilis maxime laboriosam qui est ut aut voluptatem.,Hat, 318
298,Heber Coat,Qui ut itaque et libero repellat aut non sint.,Provident architecto quae voluptatem sed perspiciatis. Incidunt eum enim libero et esse. Rerum quisquam et tempore cum voluptatem perspiciatis minima aut architecto. Assumenda rerum aut pariatur et et.,Coat, 720
299,Aliza 50 Skirt,Molestiae ex omnis sit iste tempora ad itaque ex.,Alias odit error deserunt quibusdam soluta deleniti. Voluptas unde sint aliquid modi vitae natus commodi explicabo necessitatibus. Maiores ea quaerat quibusdam sit.,Skirt, 61
300,Lesly Hat,Molestias aut doloremque dolorem consequuntur quibusdam.,Dolor facere sunt laudantium maiores odit laboriosam odit. Maxime nihil quia dolor ut magnam fugiat. Natus ipsum laboriosam ex culpa. At ad ut ut eum. Tempora distinctio consequatur fuga est dolorum vel beatae earum.,Hat, 829
301,Bridgette Sweater,Quas assumenda sunt.,Perspiciatis repudiandae magni nemo beatae error. Itaque vel magnam. Sint voluptatem qui magni repudiandae aut eligendi aperiam necessitatibus ut. Itaque magnam modi suscipit placeat reprehenderit culpa sunt vitae nemo. Aut accusantium quia aliquid aperiam et doloremque.,Sweater, 50
302,Caterina Backpack,Et eos ut pariatur quibusdam neque.,Laboriosam voluptatum quis. Quisquam minus sit qui. Dolor quo nobis non maiores. Minus et voluptatem id voluptatem. Consequuntur delectus consequatur voluptates cupiditate nostrum laudantium. Possimus praesentium quia voluptate atque consequatur.,Backpack, 781
303,Andrew Romper,Quia aut consequatur et et culpa.,Officiis corporis blanditiis et aut quia. Quisquam laborum et. Aut cumque nihil sed facilis dignissimos rerum qui. Est magnam aspernatur eos sit officia pariatur esse debitis et. Et nesciunt voluptate nesciunt consequatur harum ullam aut quae perspiciatis.,Romper, 70
304,Gust Jacket,Omnis omnis ex et sint.,Mollitia eum ut qui similique saepe. Fuga aut beatae non. Odit et recusandae et eaque debitis rerum qui nulla esse. Deleniti sunt provident. Nisi enim corporis et earum expedita qui cumque ut.,Jacket, 961
305,Destinee Skirt,Animi fugit et quisquam recusandae assumenda sit iste ullam.,Sed vero beatae eligendi. Explicabo accusamus voluptas vitae consequatur sunt dignissimos blanditiis ea. Deleniti dolorum qui perspiciatis. Sint ipsa enim perspiciatis quia placeat. Qui incidunt magnam laborum cumque facilis.,Skirt, 927
306,Aliyah Boots,Excepturi quis et rem.,Non fugit omnis sunt aut aut provident aspernatur. Accusantium et necessitatibus recusandae voluptatibus nihil vitae aut quisquam nemo. Omnis occaecati iste mollitia natus dolorem nam et vitae dolorem.,Boots, 134
307,Jeanne Backpack,Assumenda nobis tenetur ipsa.,Et vero sunt non quo. Quia cumque neque harum. In voluptatibus ullam possimus.,Backpack, 494
308,Emie Shirt,Autem eos voluptatum quo fugit.,Rerum et sed velit impedit. Dolorum minima quo eius eius a. Eos rem voluptate fuga officia facere. Adipisci dolore vitae vitae et ipsam velit perferendis aut. Voluptas sunt necessitatibus. Facilis dolorum sapiente saepe dolores modi.,Shirt, 57
309,Newton Backpack,Sed esse qui qui quis et.,Molestiae eos corrupti earum omnis quia non. Officia nostrum veritatis incidunt nostrum animi molestias error. Qui beatae impedit animi vel minima accusamus. Omnis sequi hic eos. Enim doloremque dolore ex nemo quisquam cumque.,Backpack, 867
310,Dorian Dress,Ab velit consequuntur.,Voluptatem quia et nisi eligendi maxime minus placeat doloremque quia. Ea tempore voluptate et accusamus in ut libero at et. Est veniam eligendi numquam non temporibus deleniti sit.,Dress, 205
311,Madisyn 0 Dress,Natus quo incidunt architecto facere possimus.,Maxime commodi quo saepe dignissimos omnis aut aut reprehenderit quibusdam. Hic possimus aut dolores pariatur. Alias labore nulla iure assumenda et distinctio tenetur molestias at. Iste tempore totam incidunt recusandae alias. Et impedit optio iste hic. Eos repellat et quia deleniti dolorem.,Dress, 354
312,Milan Sweatpants,Quas expedita ut.,Itaque similique voluptatum deserunt voluptatem quia et. Sunt suscipit accusantium vel facilis commodi. A ut et doloribus sapiente rerum. In illum earum aut quos.,Sweatpants, 272
313,Cory Shirt,Nesciunt quia facere quas ea enim voluptas voluptatibus fuga.,Delectus qui minus harum. Aut impedit optio odit quaerat. Ad incidunt dolor quibusdam amet explicabo.,Shirt, 36
314,Patsy Boots,Velit tempore voluptatum corporis officiis.,Ducimus ipsum est quia sapiente aut beatae dolor omnis. Est mollitia et sunt qui sit. Voluptatem aut id at totam optio odio. Nesciunt quia soluta iusto vitae voluptatem cupiditate nihil molestiae eius. Perferendis consequatur vitae omnis veniam blanditiis aut. Facilis neque aut consequatur velit distinctio maiores rerum consequuntur sit.,Boots, 53
315,Mathias Trousers,In quam perspiciatis quisquam est fugiat eius sequi.,Aut non eligendi dolorem. Et earum iure. Expedita sed quo. Soluta distinctio libero nulla quis deleniti ut consequatur et quia. Aut natus dignissimos voluptas. Eum ullam est beatae aperiam dicta eius ut.,Trousers, 993
316,Andres Shirt,Libero omnis dolor est tenetur accusamus.,Nisi laboriosam dignissimos sed rerum aut et. Rerum quia et sit voluptatem. Maiores autem tempora. Dolores debitis consectetur voluptas adipisci minima iste temporibus. Placeat pariatur occaecati non a laboriosam ea et.,Shirt, 343
317,Stella Suit,Totam perspiciatis et quae aliquid est inventore.,Est soluta nesciunt rerum quo qui eos. Eius et est modi. Officiis expedita a non ea et. Voluptates quam qui commodi voluptas deleniti quasi iure earum expedita. Corrupti iusto excepturi ut.,Suit, 171
318,Mckenzie Sunglasses,Delectus quisquam quia architecto voluptate maiores sed temporibus non.,Reprehenderit atque laboriosam. Est at est cum vitae inventore vero sed. Dolor repellat ipsa atque dolores expedita molestias est.,Sunglasses, 71
319,Alexandro Trousers,Velit delectus consequatur laboriosam vero.,Occaecati necessitatibus alias repellat magnam perferendis earum odit. Error nostrum incidunt error et omnis officiis. Ut ut numquam rerum numquam sed et. Quia hic fugiat aut expedita distinctio quod eveniet reiciendis sint. Voluptates impedit doloribus eum ea vitae placeat facere earum neque. Commodi impedit tenetur beatae perferendis facilis esse.,Trousers, 298
320,Lottie Cap,Sint impedit ut reprehenderit perspiciatis.,Magni voluptas doloremque nisi natus dolores tempore. Autem id et debitis qui nihil qui voluptatibus itaque qui. Cumque est et tempore explicabo ut sit odit. Laboriosam sed consectetur blanditiis veniam eum. Est unde delectus exercitationem aut qui. Sit ea tempora quia quia quaerat rerum ut.,Cap, 93
321,Clinton 50 Hat,Provident unde dolore omnis tenetur magni reiciendis.,Odio quis dicta esse tempore. Est earum sed exercitationem similique quas quam ab est. Velit quos voluptatem.,Hat, 338
322,Desiree Tank Top,Dolore voluptas aperiam ducimus odio voluptate et dicta omnis.,Qui cum tempore adipisci. Sit est ipsam fugiat ut sit. Nobis aspernatur voluptas voluptatem qui.,Tank Top, 961
323,Wilber Sweatpants,Consequatur neque quibusdam ex enim ea.,Molestiae illum quo voluptatem odio. Dolores qui iste est quo qui sit non ea. Qui qui possimus quia voluptatem voluptates repudiandae facere dolor. Aliquid impedit nesciunt magni est excepturi et saepe illo maiores. Itaque quis id velit ratione nihil amet. Deserunt quibusdam eaque voluptates voluptatem provident.,Sweatpants, 237
324,Jennie Pants,Facilis velit non aperiam.,Praesentium magni aut rerum id quae repellat et. Esse quidem qui ut et id. Aperiam provident occaecati velit in quos necessitatibus quod architecto rerum. Ut dolores ullam ea et dolore. Saepe non rerum sit.,Pants, 254
325,Hermina 50 Suit,Inventore et et.,Sit impedit maiores accusantium et voluptas sit assumenda. Voluptate nobis est doloribus ab. Assumenda veritatis qui non aut quia rem. Fugit voluptatem magni.,Suit, 286
326,Christiana Tank Top,Atque qui similique rerum possimus.,Natus dolores qui amet enim. Qui alias nisi animi. Quia et voluptatem et quas ipsum dignissimos harum et. Quos officiis nihil eum ratione ducimus porro ducimus quas. Eius optio et doloribus ea beatae recusandae et neque sed. Reprehenderit exercitationem vel dolorem.,Tank Top, 868
327,Naomie Pants,Praesentium quaerat tempora et mollitia eos officia nesciunt.,Illo eos ipsa voluptas. Eligendi molestiae sequi officia excepturi maxime itaque. Aliquam amet a est magni. Eveniet velit non voluptas asperiores repudiandae tempora et nulla expedita.,Pants, 767
328,Eldora Sweater,Nesciunt sed odit numquam commodi commodi doloribus iure doloribus.,Recusandae adipisci consequatur sed earum nihil quo doloribus. Eum debitis iste. Optio error consequuntur maiores sunt molestias quidem dolore neque aut.,Sweater, 955
329,Emanuel 50 Pants,Soluta praesentium eos vel.,Quo quasi non totam saepe debitis et quis voluptatem doloribus. Aperiam consequatur facilis ipsa officiis ipsam. Repellendus et exercitationem. Molestiae qui ut nisi id maiores et. Iure architecto velit repellat labore non quia sapiente sint.,Pants, 106
330,Tyshawn Tank Top,Cum deleniti deleniti consequatur temporibus porro eius ab.,Enim iure sunt beatae qui deleniti beatae porro rerum eum. Est omnis necessitatibus voluptas eius aut vero aperiam voluptate. Omnis quia iste totam itaque velit.,Tank Top, 308
331,Giovani Shoes,Enim repellendus veritatis cum vitae.,Et deleniti consequuntur veritatis earum. Et eligendi et eveniet expedita quos occaecati. Mollitia dolorem quos molestias et nisi. Est cum dolores vitae unde nostrum aut voluptatem asperiores.,Shoes, 164
332,Katherine Suit,Facere blanditiis dolorem et eius perspiciatis velit adipisci.,Non omnis alias illum repellat quis quod rerum sed ducimus. Nihil maiores hic quam enim. Mollitia eveniet optio. Debitis dolores quo eos nam assumenda assumenda. Esse saepe dolorem ab qui.,Suit, 761
333,Aimee Sweater,Voluptas doloribus aliquam.,Omnis possimus molestias quam corporis. Eos ad atque dignissimos quia voluptatibus rerum. Magnam ipsa non rem aperiam sed nulla. Dolore odit officia enim molestias velit similique dolor id. Repellat ab fuga quaerat voluptatem asperiores nostrum voluptatibus placeat. Debitis est non odit quia quos itaque.,Sweater, 311
334,Mohammad Sunglasses,Accusantium ex est eaque ratione aliquid expedita nobis quo.,Maxime voluptatibus molestiae quidem reiciendis. Qui et magni quia impedit occaecati. Sit deserunt dolorem unde error sed esse. Nihil quod officiis quidem harum.,Sunglasses, 700
335,Makenna Socks,Quidem architecto animi quod magni et sunt.,In veniam perferendis vitae eaque. Tenetur perspiciatis minima aspernatur vel placeat totam saepe accusantium. Repellat nobis non praesentium vel sunt. Ea cumque corporis nostrum.,Socks, 29
336,Jamie Suit,Qui repellendus fuga ea quia enim alias.,Et fugiat reiciendis voluptate error ea eum nostrum eum. Porro est et nam magnam dolorem est perferendis. Aliquid sunt et ut eaque vel corrupti eum voluptates.,Suit, 766
337,Lessie Sunglasses,Quia rerum ad facere modi aut quia voluptatem.,Illo doloribus omnis dolor voluptate ea nostrum accusamus ut non. Distinctio et quasi sit eveniet eaque autem impedit reprehenderit. Sit voluptatibus soluta odit accusamus. Consequatur recusandae molestiae unde eos amet et voluptatem voluptatem.,Sunglasses, 939
338,Ofelia Pants,Nihil quis iste dolor commodi deserunt.,Explicabo magni facere omnis. Dicta quam ad aspernatur et ad ab reprehenderit deleniti quis. Sed quae neque quis aliquid.,Pants, 332
339,Aracely Shirt,Ullam necessitatibus at est dicta quia aspernatur est quis consequatur.,Cupiditate eius et quo saepe rerum qui voluptates. Velit quisquam velit magni deleniti. Tempora fugiat laudantium.,Shirt, 176
340,Logan Hat,Hic est voluptas.,Consequuntur possimus odit quo tenetur. Quas omnis voluptatem dignissimos neque. Voluptates dolor expedita omnis quidem et delectus. Aut voluptates id. Libero quis earum asperiores eum velit. Alias officia occaecati quod ut eum placeat et eos corrupti.,Hat, 172
341,Brandi Romper,Praesentium eaque et sed ad dolor ea quidem rerum.,Numquam fugiat eveniet at eum illo et dolorem est. Rerum natus ad sint. Dolor est omnis ad amet qui consequatur corrupti illo impedit. Et maxime at molestiae. Aliquam amet voluptatem suscipit autem quidem quia. Excepturi eum quisquam ut aut quis voluptas voluptas quis.,Romper, 526
342,Geraldine Sunglasses,Placeat blanditiis quod accusantium necessitatibus.,Cumque tempora quis explicabo. Omnis sequi quia iste amet nam est ipsam. Tempora rem doloremque. Dolores sed enim ut ipsa dolor libero.,Sunglasses, 861
343,Avis Dress,Voluptas ut sunt reiciendis molestiae aut facilis.,Eaque nobis optio velit nihil eos. Quia autem et rerum voluptatem. Recusandae consectetur quo aperiam id accusantium. Voluptas a tenetur aspernatur dolore dolores consectetur amet et tempore.,Dress, 466
344,The Aditya Shirt,Reprehenderit accusamus ullam nemo magni praesentium.,Omnis repellendus et aut ex tenetur veniam placeat. Voluptas accusamus autem sed animi totam enim dolore eum non. Dolor beatae et omnis rerum ex ipsum sunt.,Shirt, 737
345,Harmon Shorts,Qui quia qui in laudantium enim.,Cupiditate porro at. Sint rem reiciendis recusandae aut mollitia rerum similique inventore. Delectus ut incidunt tenetur. Repellat ut dolorum delectus facere optio rerum voluptas.,Shorts, 612
346,Trevion Skirt,Incidunt voluptas at esse.,Aut eius quia nisi odio praesentium. Aspernatur placeat id labore necessitatibus eos rerum earum nulla. Ipsam tempore assumenda deleniti autem eos non doloribus. Est eligendi voluptate ipsum tenetur quos voluptatem possimus. Voluptatibus qui animi.,Skirt, 350
347,Ethelyn Skirt,Voluptatem non et architecto et in necessitatibus voluptatibus officiis.,Et voluptatem molestiae mollitia qui. Quos aliquid excepturi dignissimos perferendis ex perferendis vel. Nam dolor nihil molestiae.,Skirt, 696
348,Ruth Suit,Eligendi quia qui.,Distinctio non magni et excepturi voluptates enim. Aut ut ex. Et porro ut quam alias. Quasi quo et. Quia in aut qui vitae minus optio ut ea. Sapiente perferendis esse repellat animi cumque sunt dolores.,Suit, 530
349,Adriana Boots,Laborum ab officia.,Nihil ut impedit est aut placeat explicabo non omnis ut. Illum neque aut commodi molestiae dignissimos nobis et perferendis. Consequuntur vel sunt dolor neque laborum voluptate fugiat culpa. Minima totam quam autem totam quia perspiciatis explicabo voluptatem voluptates. Quam adipisci nostrum a velit eaque et ut. Illo corrupti eius et officia sit optio.,Boots, 350
350,Kay Sweatpants,Ducimus deserunt veniam commodi sequi explicabo eaque molestiae.,Nesciunt quaerat ut alias ut consequatur et non quo. Voluptate ut dignissimos quas eos fugit amet aut. Sed blanditiis facilis necessitatibus. Impedit veritatis quia provident dolores explicabo.,Sweatpants, 577