id,style_id,url,thumbnail_url
1,1,"https://images.unsplash.com/photo-1501088430049-71c79fa3283e?ixlib=rb-1.2.1&ixid=eyJhcHBfaWQiOjEyMDd9&auto=format&fit=crop&w=668&q=80","https://images.unsplash.com/photo-1501088430049-71c79fa3283e?ixlib=rb-1.2.1&ixid=eyJhcHBfaWQiOjEyMDd9&auto=format&fit=crop&w=300&q=80"
2,1,"https://images.unsplash.com/photo-1534011546717-407bced4d25c?ixlib=rb-1.2.1&ixid=eyJhcHBfaWQiOjEyMDd9&auto=format&fit=crop&w=2734&q=80","https://images.unsplash.com/photo-1534011546717-407bced4d25c?ixlib=rb-1.2.1&ixid=eyJhcHBfaWQiOjEyMDd9&auto=format&fit=crop&w=300&q=80"
3,1,"https://images.unsplash.com/photo-1549831243-a69a0b3d39e0?ixlib=rb-1.2.1&ixid=eyJhcHBfaWQiOjEyMDd9&auto=format&fit=crop&w=2775&q=80","https://images.unsplash.com/photo-1549831243-a69a0b3d39e0?ixlib=rb-1.2.1&ixid=eyJhcHBfaWQiOjEyMDd9&auto=format&fit=crop&w=300&q=80"
4,1,"https://images.unsplash.com/photo-1527522883525-97119bfce82d?ixlib=rb-1.2.1&auto=format&fit=crop&w=668&q=80","https://images.unsplash.com/photo-1527522883525-97119bfce82d?ixlib=rb-1.2.1&auto=format&fit=crop&w=300&q=80"
5,1,"https://images.unsplash.com/photo-1556648202-80e751c133da?ixlib=rb-1.2.1&ixid=eyJhcHBfaWQiOjEyMDd9&auto=format&fit=crop&w=668&q=80","https://images.unsplash.com/photo-1556648202-80e751c133da?ixlib=rb-1.2.1&ixid=eyJhcHBfaWQiOjEyMDd9&auto=format&fit=crop&w=300&q=80"
6,1,"https://images.unsplash.com/photo-1532543491484-63e29b3c1f5d?ixlib=rb-1.2.1&ixid=eyJhcHBfaWQiOjEyMDd9&auto=format&fit=crop&w=1000&q=80","https://images.unsplash.com/photo-1532543491484-63e29b3c1f5d?ixlib=rb-1.2.1&ixid=eyJhcHBfaWQiOjEyMDd9&auto=format&fit=crop&w=300&q=80"
8,2,"https://images.unsplash.com/photo-1533779183510-8f55a55f15c1?ixlib=rb-1.2.1&ixid=eyJhcHBfaWQiOjEyMDd9&auto=format&fit=crop&w=668&q=80","https://images.unsplash.com/photo-1533779183510-8f55a55f15c1?ixlib=rb-1.2.1&ixid=eyJhcHBfaWQiOjEyMDd9&auto=format&fit=crop&w=300&q=80"
7,2,"https://images.unsplash.com/photo-1560567546-4c6dbc16877b?ixlib=rb-1.2.1&ixid=eyJhcHBfaWQiOjEyMDd9&auto=format&fit=crop&w=668&q=80","https://images.unsplash.com/photo-1560567546-4c6dbc16877b?ixlib=rb-1.2.1&ixid=eyJhcHBfaWQiOjEyMDd9&auto=format&fit=crop&w=300&q=80"
9,2,"https://images.unsplash.com/photo-1458253329476-1ebb8593a652?ixlib=rb-1.2.1&ixid=eyJhcHBfaWQiOjEyMDd9&auto=format&fit=crop&w=1650&q=80","https://images.unsplash.com/photo-1458253329476-1ebb8593a652?ixlib=rb-1.2.1&ixid=eyJhcHBfaWQiOjEyMDd9&auto=format&fit=crop&w=300&q=80"
10,2,"https://images.unsplash.com/photo-1422557379185-474fa15bf770?ixlib=rb-1.2.1&ixid=eyJhcHBfaWQiOjEyMDd9&auto=format&fit=crop&w=1650&q=80","https://images.unsplash.com/photo-1422557379185-474fa15bf770?ixlib=rb-1.2.1&ixid=eyJhcHBfaWQiOjEyMDd9&auto=format&fit=crop&w=300&q=80"
11,2,"https://images.unsplash.com/photo-1490723286627-4b66e6b2882a?ixlib=rb-1.2.1&ixid=eyJhcHBfaWQiOjEyMDd9&auto=format&fit=crop&w=1650&q=80","https://images.unsplash.com/photo-1490723286627-4b66e6b2882a?ixlib=rb-1.2.1&ixid=eyJhcHBfaWQiOjEyMDd9&auto=format&fit=crop&w=300&q=80"
12,2,"https://images.unsplash.com/photo-1447958272669-9c562446304f?ixlib=rb-1.2.1&ixid=eyJhcHBfaWQiOjEyMDd9&auto=format&fit=crop&w=2800&q=80","https://images.unsplash.com/photo-1447958272669-9c562446304f?ixlib=rb-1.2.1&ixid=eyJhcHBfaWQiOjEyMDd9&auto=format&fit=crop&w=300&q=80"
13,3,"https://images.unsplash.com/photo-1556304653-cba65c59b3c5?ixlib=rb-1.2.1&ixid=eyJhcHBfaWQiOjEyMDd9&auto=format&fit=crop&w=2761&q=80","https://images.unsplash.com/photo-1556304653-cba65c59b3c5?ixlib=rb-1.2.1&ixid=eyJhcHBfaWQiOjEyMDd9&auto=format&fit=crop&w=300&q=80"
14,3,"https://images.unsplash.com/photo-1544131750-2985d621da30?ixlib=rb-1.2.1&ixid=eyJhcHBfaWQiOjEyMDd9&auto=format&fit=crop&w=666&q=80","https://images.unsplash.com/photo-1544131750-2985d621da30?ixlib=rb-1.2.1&ixid=eyJhcHBfaWQiOjEyMDd9&auto=format&fit=crop&w=300&q=80"
15,3,"https://images.unsplash.com/photo-1557760257-b02421ae77fe?ixlib=rb-1.2.1&ixid=eyJhcHBfaWQiOjEyMDd9&auto=format&fit=crop&w=2089&q=80","https://images.unsplash.com/photo-1557760257-b02421ae77fe?ixlib=rb-1.2.1&ixid=eyJhcHBfaWQiOjEyMDd9&auto=format&fit=crop&w=300&q=80"
16,3,"https://images.unsplash.com/photo-1551506448-074afa034c05?ixlib=rb-1.2.1&ixid=eyJhcHBfaWQiOjEyMDd9&auto=format&fit=crop&w=938&q=80","https://images.unsplash.com/photo-1551506448-074afa034c05?ixlib=rb-1.2.1&ixid=eyJhcHBfaWQiOjEyMDd9&auto=format&fit=crop&w=300&q=80"
17,3,"https://images.unsplash.com/photo-1556268652-ad74ebb8f1e7?ixlib=rb-1.2.1&auto=format&fit=crop&w=1650&q=80","https://images.unsplash.com/photo-1556268652-ad74ebb8f1e7?ixlib=rb-1.2.1&auto=format&fit=crop&w=300&q=80"
18,3,"https://images.unsplash.com/photo-1557394976-32cc983558ba?ixlib=rb-1.2.1&ixid=eyJhcHBfaWQiOjEyMDd9&auto=format&fit=crop&w=1000&q=80","https://images.unsplash.com/photo-1557394976-32cc983558ba?ixlib=rb-1.2.1&ixid=eyJhcHBfaWQiOjEyMDd9&auto=format&fit=crop&w=300&q=80"
19,4,"https://images.unsplash.com/photo-1530092376999-2431865aa8df?ixlib=rb-1.2.1&ixid=eyJhcHBfaWQiOjEyMDd9&auto=format&fit=crop&w=2734&q=80","https://images.unsplash.com/photo-1530092376999-2431865aa8df?ixlib=rb-1.2.1&ixid=eyJhcHBfaWQiOjEyMDd9&auto=format&fit=crop&w=300&q=80"
20,4,"https://images.unsplash.com/photo-1487174244970-cd18784bb4a4?ixlib=rb-1.2.1&ixid=eyJhcHBfaWQiOjEyMDd9&auto=format&fit=crop&w=1652&q=80","https://images.unsplash.com/photo-1487174244970-cd18784bb4a4?ixlib=rb-1.2.1&ixid=eyJhcHBfaWQiOjEyMDd9&auto=format&fit=crop&w=300&q=80"
21,4,"https://images.unsplash.com/photo-1488554378835-f7acf46e6c98?ixlib=rb-1.2.1&ixid=eyJhcHBfaWQiOjEyMDd9&auto=format&fit=crop&w=1651&q=80","https://images.unsplash.com/photo-1488554378835-f7acf46e6c98?ixlib=rb-1.2.1&ixid=eyJhcHBfaWQiOjEyMDd9&auto=format&fit=crop&w=300&q=80"
22,4,"https://images.unsplash.com/photo-1486025402772-bc179c8dfb0e?ixlib=rb-1.2.1&ixid=eyJhcHBfaWQiOjEyMDd9&auto=format&fit=crop&w=1650&q=80","https://images.unsplash.com/photo-1486025402772-bc179c8dfb0e?ixlib=rb-1.2.1&ixid=eyJhcHBfaWQiOjEyMDd9&auto=format&fit=crop&w=300&q=80"
23,4,"https://images.unsplash.com/photo-1473691955023-da1c49c95c78?ixlib=rb-1.2.1&ixid=eyJhcHBfaWQiOjEyMDd9&auto=format&fit=crop&w=1650&q=80","https://images.unsplash.com/photo-1473691955023-da1c49c95c78?ixlib=rb-1.2.1&ixid=eyJhcHBfaWQiOjEyMDd9&auto=format&fit=crop&w=300&q=80"
24,4,"https://images.unsplash.com/photo-1517456837005-d757b959ae2b?ixlib=rb-1.2.1&ixid=eyJhcHBfaWQiOjEyMDd9&auto=format&fit=crop&w=800&q=60","https://images.unsplash.com/photo-1517456837005-d757b959ae2b?ixlib=rb-1.2.1&ixid=eyJhcHBfaWQiOjEyMDd9&auto=format&fit=crop&w=300&q=60"
25,5,"https://images.unsplash.com/photo-1448526478325-616f2b15b04e?ixlib=rb-1.2.1&ixid=eyJhcHBfaWQiOjEyMDd9&auto=format&fit=crop&w=1567&q=80","https://images.unsplash.com/photo-1448526478325-616f2b15b04e?ixlib=rb-1.2.1&ixid=eyJhcHBfaWQiOjEyMDd9&auto=format&fit=crop&w=300&q=80"
26,5,"https://images.unsplash.com/photo-1519098635131-4c8f806d1e82?ixlib=rb-1.2.1&auto=format&fit=crop&w=1650&q=80","https://images.unsplash.com/photo-1519098635131-4c8f806d1e82?ixlib=rb-1.2.1&auto=format&fit=crop&w=300&q=80"
27,5,"https://images.unsplash.com/photo-1483056293146-9eac9521932f?ixlib=rb-1.2.1&ixid=eyJhcHBfaWQiOjEyMDd9&auto=format&fit=crop&w=2850&q=80","https://images.unsplash.com/photo-1483056293146-9eac9521932f?ixlib=rb-1.2.1&ixid=eyJhcHBfaWQiOjEyMDd9&auto=format&fit=crop&w=300&q=80"
28,5,"https://images.unsplash.com/photo-1515992854631-13de43baeba1?ixlib=rb-1.2.1&ixid=eyJhcHBfaWQiOjEyMDd9&auto=format&fit=crop&w=668&q=80","https://images.unsplash.com/photo-1515992854631-13de43baeba1?ixlib=rb-1.2.1&ixid=eyJhcHBfaWQiOjEyMDd9&auto=format&fit=crop&w=300&q=80"
29,5,"https://images.unsplash.com/photo-1525141741567-f89ef016dfeb?ixlib=rb-1.2.1&auto=format&fit=crop&w=1650&q=80","https://images.unsplash.com/photo-1525141741567-f89ef016dfeb?ixlib=rb-1.2.1&auto=format&fit=crop&w=300&q=80"
30,5,"https://images.unsplash.com/photo-1418985991508-e47386d96a71?ixlib=rb-1.2.1&ixid=eyJhcHBfaWQiOjEyMDd9&auto=format&fit=crop&w=1650&q=80","https://images.unsplash.com/photo-1418985991508-e47386d96a71?ixlib=rb-1.2.1&ixid=eyJhcHBfaWQiOjEyMDd9&auto=format&fit=crop&w=300&q=80"
31,6,"https://images.unsplash.com/photo-1514866726862-0f081731e63f?ixlib=rb-1.2.1&ixid=eyJhcHBfaWQiOjEyMDd9&auto=format&fit=crop&w=1650&q=80","https://images.unsplash.com/photo-1514866726862-0f081731e63f?ixlib=rb-1.2.1&ixid=eyJhcHBfaWQiOjEyMDd9&auto=format&fit=crop&w=300&q=80"
32,6,"https://images.unsplash.com/photo-1519689373023-dd07c7988603?ixlib=rb-1.2.1&ixid=eyJhcHBfaWQiOjEyMDd9&auto=format&fit=crop&w=668&q=80","https://images.unsplash.com/photo-1519689373023-dd07c7988603?ixlib=rb-1.2.1&ixid=eyJhcHBfaWQiOjEyMDd9&auto=format&fit=crop&w=300&q=80"
33,6,"https://images.unsplash.com/photo-1506932248762-69d978912b80?ixlib=rb-1.2.1&auto=format&fit=crop&w=2089&q=80","https://images.unsplash.com/photo-1506932248762-69d978912b80?ixlib=rb-1.2.1&auto=format&fit=crop&w=300&q=80"
34,6,"https://images.unsplash.com/photo-1535639818669-c059d2f038e6?ixlib=rb-1.2.1&ixid=eyJhcHBfaWQiOjEyMDd9&auto=format&fit=crop&w=668&q=80","https://images.unsplash.com/photo-1535639818669-c059d2f038e6?ixlib=rb-1.2.1&ixid=eyJhcHBfaWQiOjEyMDd9&auto=format&fit=crop&w=300&q=80"
35,6,"https://images.unsplash.com/photo-1498098662025-04e60a212db4?ixlib=rb-1.2.1&ixid=eyJhcHBfaWQiOjEyMDd9&auto=format&fit=crop&w=1650&q=80","https://images.unsplash.com/photo-1498098662025-04e60a212db4?ixlib=rb-1.2.1&ixid=eyJhcHBfaWQiOjEyMDd9&auto=format&fit=crop&w=300&q=80"
36,6,"https://images.unsplash.com/photo-1421941027568-40ab08ee5592?ixlib=rb-1.2.1&ixid=eyJhcHBfaWQiOjEyMDd9&auto=format&fit=crop&w=1651&q=80","https://images.unsplash.com/photo-1421941027568-40ab08ee5592?ixlib=rb-1.2.1&ixid=eyJhcHBfaWQiOjEyMDd9&auto=format&fit=crop&w=300&q=80"
37,11,"https://images.unsplash.com/photo-1552902865-b72c031ac5ea?ixlib=rb-1.2.1&ixid=eyJhcHBfaWQiOjEyMDd9&auto=format&fit=crop&w=668&q=80","https://images.unsplash.com/photo-1552902865-b72c031ac5ea?ixlib=rb-1.2.1&ixid=eyJhcHBfaWQiOjEyMDd9&auto=format&fit=crop&w=300&q=80"
38,11,"https://images.unsplash.com/photo-1492447105260-2e947425b5cc?ixlib=rb-1.2.1&ixid=eyJhcHBfaWQiOjEyMDd9&auto=format&fit=crop&w=1650&q=80","https://images.unsplash.com/photo-1492447105260-2e947425b5cc?ixlib=rb-1.2.1&ixid=eyJhcHBfaWQiOjEyMDd9&auto=format&fit=crop&w=300&q=80"
39,11,"https://images.unsplash.com/photo-1548133464-29abc661eb5c?ixlib=rb-1.2.1&ixid=eyJhcHBfaWQiOjEyMDd9&auto=format&fit=crop&w=668&q=80","https://images.unsplash.com/photo-1548133464-29abc661eb5c?ixlib=rb-1.2.1&ixid=eyJhcHBfaWQiOjEyMDd9&auto=format&fit=crop&w=300&q=80"
40,11,"https://images.unsplash.com/photo-1500340520802-1687634cbe38?ixlib=rb-1.2.1&ixid=eyJhcHBfaWQiOjEyMDd9&auto=format&fit=crop&w=668&q=80","https://images.unsplash.com/photo-1500340520802-1687634cbe38?ixlib=rb-1.2.1&ixid=eyJhcHBfaWQiOjEyMDd9&auto=format&fit=crop&w=300&q=80"
41,11,"https://images.unsplash.com/photo-1559304022-afbf28f53c4d?ixlib=rb-1.2.1&ixid=eyJhcHBfaWQiOjEyMDd9&auto=format&fit=crop&w=1656&q=80","https://images.unsplash.com/photo-1559304022-afbf28f53c4d?ixlib=rb-1.2.1&ixid=eyJhcHBfaWQiOjEyMDd9&auto=format&fit=crop&w=300&q=80"
42,11,"https://images.unsplash.com/photo-1554921148-83d8ceda2095?ixlib=rb-1.2.1&ixid=eyJhcHBfaWQiOjEyMDd9&auto=format&fit=crop&w=668&q=80","https://images.unsplash.com/photo-1554921148-83d8ceda2095?ixlib=rb-1.2.1&ixid=eyJhcHBfaWQiOjEyMDd9&auto=format&fit=crop&w=300&q=80"
43,12,"https://images.unsplash.com/photo-1562542082-519ebcdb43e6?ixlib=rb-1.2.1&ixid=eyJhcHBfaWQiOjEyMDd9&auto=format&fit=crop&w=2057&q=80","https://images.unsplash.com/photo-1562542082-519ebcdb43e6?ixlib=rb-1.2.1&ixid=eyJhcHBfaWQiOjEyMDd9&auto=format&fit=crop&w=300&q=80"
44,12,"https://images.unsplash.com/photo-1562542132-8555e1b583f3?ixlib=rb-1.2.1&auto=format&fit=crop&w=2057&q=80","https://images.unsplash.com/photo-1562542132-8555e1b583f3?ixlib=rb-1.2.1&auto=format&fit=crop&w=300&q=80"
45,12,"https://images.unsplash.com/photo-1562542096-218d8f9760bc?ixlib=rb-1.2.1&auto=format&fit=crop&w=2057&q=80","https://images.unsplash.com/photo-1562542096-218d8f9760bc?ixlib=rb-1.2.1&auto=format&fit=crop&w=300&q=80"
46,12,"https://images.unsplash.com/photo-1562542119-19d015b93c45?ixlib=rb-1.2.1&ixid=eyJhcHBfaWQiOjEyMDd9&auto=format&fit=crop&w=2057&q=80","https://images.unsplash.com/photo-1562542119-19d015b93c45?ixlib=rb-1.2.1&ixid=eyJhcHBfaWQiOjEyMDd9&auto=format&fit=crop&w=300&q=80"
47,12,"https://images.unsplash.com/photo-1516684810863-e49c82f1f092?ixlib=rb-1.2.1&ixid=eyJhcHBfaWQiOjEyMDd9&auto=format&fit=crop&w=965&q=80","https://images.unsplash.com/photo-1516684810863-e49c82f1f092?ixlib=rb-1.2.1&ixid=eyJhcHBfaWQiOjEyMDd9&auto=format&fit=crop&w=300&q=80"
48,12,"https://images.unsplash.com/photo-1490427712608-588e68359dbd?ixlib=rb-1.2.1&ixid=eyJhcHBfaWQiOjEyMDd9&auto=format&fit=crop&w=1650&q=80","https://images.unsplash.com/photo-1490427712608-588e68359dbd?ixlib=rb-1.2.1&ixid=eyJhcHBfaWQiOjEyMDd9&auto=format&fit=crop&w=300&q=80
49,13,"https://images.unsplash.com/photo-1530073391204-7b34a1497281?ixlib=rb-1.2.1&ixid=eyJhcHBfaWQiOjEyMDd9&auto=format&fit=crop&w=1650&q=80","https://images.unsplash.com/photo-1530073391204-7b34a1497281?ixlib=rb-1.2.1&ixid=eyJhcHBfaWQiOjEyMDd9&auto=format&fit=crop&w=300&q=80"
50,13,"https://images.unsplash.com/photo-1482876555840-f31c5ebbff1c?ixlib=rb-1.2.1&ixid=eyJhcHBfaWQiOjEyMDd9&auto=format&fit=crop&w=1651&q=80","https://images.unsplash.com/photo-1482876555840-f31c5ebbff1c?ixlib=rb-1.2.1&ixid=eyJhcHBfaWQiOjEyMDd9&auto=format&fit=crop&w=300&q=80"
51,13,"https://images.unsplash.com/photo-1426647451887-5f2be01918a9?ixlib=rb-1.2.1&auto=format&fit=crop&w=1650&q=80","https://images.unsplash.com/photo-1426647451887-5f2be01918a9?ixlib=rb-1.2.1&auto=format&fit=crop&w=300&q=80"
52,13,"https://images.unsplash.com/photo-1517438476312-10d79c077509?ixlib=rb-1.2.1&ixid=eyJhcHBfaWQiOjEyMDd9&auto=format&fit=crop&w=668&q=80","https://images.unsplash.com/photo-1517438476312-10d79c077509?ixlib=rb-1.2.1&ixid=eyJhcHBfaWQiOjEyMDd9&auto=format&fit=crop&w=300&q=80"
53,13,"https://images.unsplash.com/photo-1485646979142-d4abb57a876f?ixlib=rb-1.2.1&ixid=eyJhcHBfaWQiOjEyMDd9&auto=format&fit=crop&w=2089&q=80","https://images.unsplash.com/photo-1485646979142-d4abb57a876f?ixlib=rb-1.2.1&ixid=eyJhcHBfaWQiOjEyMDd9&auto=format&fit=crop&w=300&q=80"
54,13,"https://images.unsplash.com/photo-1515886657613-9f3515b0c78f?ixlib=rb-1.2.1&ixid=eyJhcHBfaWQiOjEyMDd9&auto=format&fit=crop&w=962&q=80","https://images.unsplash.com/photo-1515886657613-9f3515b0c78f?ixlib=rb-1.2.1&ixid=eyJhcHBfaWQiOjEyMDd9&auto=format&fit=crop&w=300&q=80"
55,14,"https://images.unsplash.com/photo-1519857609704-61e751edba25?ixlib=rb-1.2.1&ixid=eyJhcHBfaWQiOjEyMDd9&auto=format&fit=crop&w=668&q=80","https://images.unsplash.com/photo-1519857609704-61e751edba25?ixlib=rb-1.2.1&ixid=eyJhcHBfaWQiOjEyMDd9&auto=format&fit=crop&w=300&q=80"
56,14,"https://images.unsplash.com/photo-1499714832275-d6205d94c35d?ixlib=rb-1.2.1&ixid=eyJhcHBfaWQiOjEyMDd9&auto=format&fit=crop&w=668&q=80","https://images.unsplash.com/photo-1499714832275-d6205d94c35d?ixlib=rb-1.2.1&ixid=eyJhcHBfaWQiOjEyMDd9&auto=format&fit=crop&w=300&q=80"
58,14,"https://images.unsplash.com/photo-1532244769164-ff64ddeefa45?ixlib=rb-1.2.1&ixid=eyJhcHBfaWQiOjEyMDd9&auto=format&fit=crop&w=1650&q=80","https://images.unsplash.com/photo-1532244769164-ff64ddeefa45?ixlib=rb-1.2.1&ixid=eyJhcHBfaWQiOjEyMDd9&auto=format&fit=crop&w=300&q=80"
57,14,"https://images.unsplash.com/photo-1549540806-76ce9007b674?ixlib=rb-1.2.1&ixid=eyJhcHBfaWQiOjEyMDd9&auto=format&fit=crop&w=1650&q=80","https://images.unsplash.com/photo-1549540806-76ce9007b674?ixlib=rb-1.2.1&ixid=eyJhcHBfaWQiOjEyMDd9&auto=format&fit=crop&w=300&q=80"
59,14,"https://images.unsplash.com/photo-1554136920-a1df2909d8f2?ixlib=rb-1.2.1&ixid=eyJhcHBfaWQiOjEyMDd9&auto=format&fit=crop&w=1000&q=80","https://images.unsplash.com/photo-1554136920-a1df2909d8f2?ixlib=rb-1.2.1&ixid=eyJhcHBfaWQiOjEyMDd9&auto=format&fit=crop&w=300&q=80"
60,14,"https://images.unsplash.com/photo-1541214880206-03318856c6c9?ixlib=rb-1.2.1&ixid=eyJhcHBfaWQiOjEyMDd9&auto=format&fit=crop&w=668&q=80","https://images.unsplash.com/photo-1541214880206-03318856c6c9?ixlib=rb-1.2.1&ixid=eyJhcHBfaWQiOjEyMDd9&auto=format&fit=crop&w=300&q=80"
61,15,"https://images.unsplash.com/photo-1530073391204-7b34a1497281?ixlib=rb-1.2.1&ixid=eyJhcHBfaWQiOjEyMDd9&auto=format&fit=crop&w=1650&q=80","https://images.unsplash.com/photo-1530073391204-7b34a1497281?ixlib=rb-1.2.1&ixid=eyJhcHBfaWQiOjEyMDd9&auto=format&fit=crop&w=300&q=80"
62,15,"https://images.unsplash.com/photo-1482876555840-f31c5ebbff1c?ixlib=rb-1.2.1&ixid=eyJhcHBfaWQiOjEyMDd9&auto=format&fit=crop&w=1651&q=80","https://images.unsplash.com/photo-1482876555840-f31c5ebbff1c?ixlib=rb-1.2.1&ixid=eyJhcHBfaWQiOjEyMDd9&auto=format&fit=crop&w=300&q=80"
63,15,"https://images.unsplash.com/photo-1426647451887-5f2be01918a9?ixlib=rb-1.2.1&auto=format&fit=crop&w=1650&q=80","https://images.unsplash.com/photo-1426647451887-5f2be01918a9?ixlib=rb-1.2.1&auto=format&fit=crop&w=300&q=80"
64,15,"https://images.unsplash.com/photo-1517438476312-10d79c077509?ixlib=rb-1.2.1&ixid=eyJhcHBfaWQiOjEyMDd9&auto=format&fit=crop&w=668&q=80","https://images.unsplash.com/photo-1517438476312-10d79c077509?ixlib=rb-1.2.1&ixid=eyJhcHBfaWQiOjEyMDd9&auto=format&fit=crop&w=300&q=80"
65,15,"https://images.unsplash.com/photo-1485646979142-d4abb57a876f?ixlib=rb-1.2.1&ixid=eyJhcHBfaWQiOjEyMDd9&auto=format&fit=crop&w=2089&q=80","https://images.unsplash.com/photo-1485646979142-d4abb57a876f?ixlib=rb-1.2.1&ixid=eyJhcHBfaWQiOjEyMDd9&auto=format&fit=crop&w=300&q=80"
66,15,"https://images.unsplash.com/photo-1515886657613-9f3515b0c78f?ixlib=rb-1.2.1&ixid=eyJhcHBfaWQiOjEyMDd9&auto=format&fit=crop&w=962&q=80","https://images.unsplash.com/photo-1515886657613-9f3515b0c78f?ixlib=rb-1.2.1&ixid=eyJhcHBfaWQiOjEyMDd9&auto=format&fit=crop&w=300&q=80"
68,16,"https://images.unsplash.com/photo-1510390099355-23e690d8129d?ixlib=rb-1.2.1&ixid=eyJhcHBfaWQiOjEyMDd9&auto=format&fit=crop&w=1650&q=80","https://images.unsplash.com/photo-1510390099355-23e690d8129d?ixlib=rb-1.2.1&ixid=eyJhcHBfaWQiOjEyMDd9&auto=format&fit=crop&w=300&q=80"
67,16,"https://images.unsplash.com/photo-1547257965-087be799b084?ixlib=rb-1.2.1&ixid=eyJhcHBfaWQiOjEyMDd9&auto=format&fit=crop&w=668&q=80","https://images.unsplash.com/photo-1547257965-087be799b084?ixlib=rb-1.2.1&ixid=eyJhcHBfaWQiOjEyMDd9&auto=format&fit=crop&w=300&q=80"
69,16,"https://images.unsplash.com/photo-1510217167326-549ae78e4738?ixlib=rb-1.2.1&auto=format&fit=crop&w=668&q=80","https://images.unsplash.com/photo-1510217167326-549ae78e4738?ixlib=rb-1.2.1&auto=format&fit=crop&w=300&q=80"
70,16,"https://images.unsplash.com/photo-1470282312847-28b943046dc1?ixlib=rb-1.2.1&ixid=eyJhcHBfaWQiOjEyMDd9&auto=format&fit=crop&w=1652&q=80","https://images.unsplash.com/photo-1470282312847-28b943046dc1?ixlib=rb-1.2.1&ixid=eyJhcHBfaWQiOjEyMDd9&auto=format&fit=crop&w=300&q=80"
71,16,"https://images.unsplash.com/photo-1552904219-f4b87efe8792?ixlib=rb-1.2.1&ixid=eyJhcHBfaWQiOjEyMDd9&auto=format&fit=crop&w=666&q=80","https://images.unsplash.com/photo-1552904219-f4b87efe8792?ixlib=rb-1.2.1&ixid=eyJhcHBfaWQiOjEyMDd9&auto=format&fit=crop&w=300&q=80"
72,16,"https://images.unsplash.com/photo-1519241978701-4302ab53de1b?ixlib=rb-1.2.1&ixid=eyJhcHBfaWQiOjEyMDd9&auto=format&fit=crop&w=1000&q=80","https://images.unsplash.com/photo-1519241978701-4302ab53de1b?ixlib=rb-1.2.1&ixid=eyJhcHBfaWQiOjEyMDd9&auto=format&fit=crop&w=300&q=80"
73,17,"https://images.unsplash.com/photo-1554260570-9140fd3b7614?ixlib=rb-1.2.1&ixid=eyJhcHBfaWQiOjEyMDd9&auto=format&fit=crop&w=1650&q=80","https://images.unsplash.com/photo-1554260570-9140fd3b7614?ixlib=rb-1.2.1&ixid=eyJhcHBfaWQiOjEyMDd9&auto=format&fit=crop&w=300&q=80"
74,17,"https://images.unsplash.com/photo-1557804506-669a67965ba0?ixlib=rb-1.2.1&ixid=eyJhcHBfaWQiOjEyMDd9&auto=format&fit=crop&w=1567&q=80","https://images.unsplash.com/photo-1557804506-669a67965ba0?ixlib=rb-1.2.1&ixid=eyJhcHBfaWQiOjEyMDd9&auto=format&fit=crop&w=300&q=80"
75,17,"https://images.unsplash.com/photo-1553830591-2f39e38a013c?ixlib=rb-1.2.1&auto=format&fit=crop&w=2760&q=80","https://images.unsplash.com/photo-1553830591-2f39e38a013c?ixlib=rb-1.2.1&auto=format&fit=crop&w=300&q=80"
76,17,"https://images.unsplash.com/photo-1553830591-d8632a99e6ff?ixlib=rb-1.2.1&auto=format&fit=crop&w=1511&q=80","https://images.unsplash.com/photo-1553830591-d8632a99e6ff?ixlib=rb-1.2.1&auto=format&fit=crop&w=300&q=80"
78,17,"https://images.unsplash.com/photo-1526948128573-703ee1aeb6fa?ixlib=rb-1.2.1&auto=format&fit=crop&w=1650&q=80","https://images.unsplash.com/photo-1526948128573-703ee1aeb6fa?ixlib=rb-1.2.1&auto=format&fit=crop&w=300&q=80"
77,17,"https://images.unsplash.com/photo-1554774853-d50f9c681ae2?ixlib=rb-1.2.1&ixid=eyJhcHBfaWQiOjEyMDd9&auto=format&fit=crop&w=1651&q=80","https://images.unsplash.com/photo-1554774853-d50f9c681ae2?ixlib=rb-1.2.1&ixid=eyJhcHBfaWQiOjEyMDd9&auto=format&fit=crop&w=300&q=80"
79,18,"https://images.unsplash.com/photo-1534481909716-9a482087f27d?ixlib=rb-1.2.1&ixid=eyJhcHBfaWQiOjEyMDd9&auto=format&fit=crop&w=668&q=80","https://images.unsplash.com/photo-1534481909716-9a482087f27d?ixlib=rb-1.2.1&ixid=eyJhcHBfaWQiOjEyMDd9&auto=format&fit=crop&w=300&q=80"
80,18,"https://images.unsplash.com/photo-1557804506-669a67965ba0?ixlib=rb-1.2.1&ixid=eyJhcHBfaWQiOjEyMDd9&auto=format&fit=crop&w=1567&q=80","https://images.unsplash.com/photo-1557804506-669a67965ba0?ixlib=rb-1.2.1&ixid=eyJhcHBfaWQiOjEyMDd9&auto=format&fit=crop&w=300&q=80"
81,18,"https://images.unsplash.com/photo-1553830591-2f39e38a013c?ixlib=rb-1.2.1&auto=format&fit=crop&w=2760&q=80","https://images.unsplash.com/photo-1553830591-2f39e38a013c?ixlib=rb-1.2.1&auto=format&fit=crop&w=300&q=80"
82,18,"https://images.unsplash.com/photo-1553830591-d8632a99e6ff?ixlib=rb-1.2.1&auto=format&fit=crop&w=1511&q=80","https://images.unsplash.com/photo-1553830591-d8632a99e6ff?ixlib=rb-1.2.1&auto=format&fit=crop&w=300&q=80"
83,18,"https://images.unsplash.com/photo-1526948128573-703ee1aeb6fa?ixlib=rb-1.2.1&auto=format&fit=crop&w=1650&q=80","https://images.unsplash.com/photo-1526948128573-703ee1aeb6fa?ixlib=rb-1.2.1&auto=format&fit=crop&w=300&q=80"
84,18,"https://images.unsplash.com/photo-1554774853-d50f9c681ae2?ixlib=rb-1.2.1&ixid=eyJhcHBfaWQiOjEyMDd9&auto=format&fit=crop&w=1651&q=80","https://images.unsplash.com/photo-1554774853-d50f9c681ae2?ixlib=rb-1.2.1&ixid=eyJhcHBfaWQiOjEyMDd9&auto=format&fit=crop&w=300&q=80"
85,19,"https://images.unsplash.com/photo-1459501462159-97d5bded1416?ixlib=rb-1.2.1&ixid=eyJhcHBfaWQiOjEyMDd9&auto=format&fit=crop&w=1650&q=80","https://images.unsplash.com/photo-1459501462159-97d5bded1416?ixlib=rb-1.2.1&ixid=eyJhcHBfaWQiOjEyMDd9&auto=format&fit=crop&w=300&q=80"
86,19,"https://images.unsplash.com/photo-1557804506-669a67965ba0?ixlib=rb-1.2.1&ixid=eyJhcHBfaWQiOjEyMDd9&auto=format&fit=crop&w=1567&q=80","https://images.unsplash.com/photo-1557804506-669a67965ba0?ixlib=rb-1.2.1&ixid=eyJhcHBfaWQiOjEyMDd9&auto=format&fit=crop&w=300&q=80"
88,19,"https://images.unsplash.com/photo-1553830591-2f39e38a013c?ixlib=rb-1.2.1&auto=format&fit=crop&w=2760&q=80","https://images.unsplash.com/photo-1553830591-2f39e38a013c?ixlib=rb-1.2.1&auto=format&fit=crop&w=300&q=80"
87,19,"https://images.unsplash.com/photo-1553830591-d8632a99e6ff?ixlib=rb-1.2.1&auto=format&fit=crop&w=1511&q=80","https://images.unsplash.com/photo-1553830591-d8632a99e6ff?ixlib=rb-1.2.1&auto=format&fit=crop&w=300&q=80"
89,19,"https://images.unsplash.com/photo-1526948128573-703ee1aeb6fa?ixlib=rb-1.2.1&auto=format&fit=crop&w=1650&q=80","https://images.unsplash.com/photo-1526948128573-703ee1aeb6fa?ixlib=rb-1.2.1&auto=format&fit=crop&w=300&q=80"
90,19,"https://images.unsplash.com/photo-1554774853-d50f9c681ae2?ixlib=rb-1.2.1&ixid=eyJhcHBfaWQiOjEyMDd9&auto=format&fit=crop&w=1651&q=80","https://images.unsplash.com/photo-1554774853-d50f9c681ae2?ixlib=rb-1.2.1&ixid=eyJhcHBfaWQiOjEyMDd9&auto=format&fit=crop&w=300&q=80"
91,20,"https://images.unsplash.com/photo-1479756212843-6314ad5121dd?ixlib=rb-1.2.1&ixid=eyJhcHBfaWQiOjEyMDd9&auto=format&fit=crop&w=1650&q=80","https://images.unsplash.com/photo-1479756212843-6314ad5121dd?ixlib=rb-1.2.1&ixid=eyJhcHBfaWQiOjEyMDd9&auto=format&fit=crop&w=300&q=80"
92,20,"https://images.unsplash.com/photo-1557804506-669a67965ba0?ixlib=rb-1.2.1&ixid=eyJhcHBfaWQiOjEyMDd9&auto=format&fit=crop&w=1567&q=80","https://images.unsplash.com/photo-1557804506-669a67965ba0?ixlib=rb-1.2.1&ixid=eyJhcHBfaWQiOjEyMDd9&auto=format&fit=crop&w=300&q=80"
93,20,"https://images.unsplash.com/photo-1553830591-2f39e38a013c?ixlib=rb-1.2.1&auto=format&fit=crop&w=2760&q=80","https://images.unsplash.com/photo-1553830591-2f39e38a013c?ixlib=rb-1.2.1&auto=format&fit=crop&w=300&q=80"
94,20,"https://images.unsplash.com/photo-1553830591-d8632a99e6ff?ixlib=rb-1.2.1&auto=format&fit=crop&w=1511&q=80","https://images.unsplash.com/photo-1553830591-d8632a99e6ff?ixlib=rb-1.2.1&auto=format&fit=crop&w=300&q=80"
95,20,"https://images.unsplash.com/photo-1526948128573-703ee1aeb6fa?ixlib=rb-1.2.1&auto=format&fit=crop&w=1650&q=80","https://images.unsplash.com/photo-1526948128573-703ee1aeb6fa?ixlib=rb-1.2.1&auto=format&fit=crop&w=300&q=80"
96,20,"https://images.unsplash.com/photo-1554774853-d50f9c681ae2?ixlib=rb-1.2.1&ixid=eyJhcHBfaWQiOjEyMDd9&auto=format&fit=crop&w=1651&q=80","https://images.unsplash.com/photo-1554774853-d50f9c681ae2?ixlib=rb-1.2.1&ixid=eyJhcHBfaWQiOjEyMDd9&auto=format&fit=crop&w=300&q=80"
98,21,"https://images.unsplash.com/photo-1461551449292-b63f7419ac93?ixlib=rb-1.2.1&ixid=eyJhcHBfaWQiOjEyMDd9&auto=format&fit=crop&w=1970&q=80","https://images.unsplash.com/photo-1461551449292-b63f7419ac93?ixlib=rb-1.2.1&ixid=eyJhcHBfaWQiOjEyMDd9&auto=format&fit=crop&w=300&q=80"
97,21,"https://images.unsplash.com/photo-1557804506-669a67965ba0?ixlib=rb-1.2.1&ixid=eyJhcHBfaWQiOjEyMDd9&auto=format&fit=crop&w=1567&q=80","https://images.unsplash.com/photo-1557804506-669a67965ba0?ixlib=rb-1.2.1&ixid=eyJhcHBfaWQiOjEyMDd9&auto=format&fit=crop&w=300&q=80"
99,21,"https://images.unsplash.com/photo-1553830591-2f39e38a013c?ixlib=rb-1.2.1&auto=format&fit=crop&w=2760&q=80","https://images.unsplash.com/photo-1553830591-2f39e38a013c?ixlib=rb-1.2.1&auto=format&fit=crop&w=300&q=80"
100,21,"https://images.unsplash.com/photo-1553830591-d8632a99e6ff?ixlib=rb-1.2.1&auto=format&fit=crop&w=1511&q=80","https://images.unsplash.com/photo-1553830591-d8632a99e6ff?ixlib=rb-1.2.1&auto=format&fit=crop&w=300&q=80"
101,21,"https://images.unsplash.com/photo-1526948128573-703ee1aeb6fa?ixlib=rb-1.2.1&auto=format&fit=crop&w=1650&q=80","https://images.unsplash.com/photo-1526948128573-703ee1aeb6fa?ixlib=rb-1.2.1&auto=format&fit=crop&w=300&q=80"
102,21,"https://images.unsplash.com/photo-1554774853-d50f9c681ae2?ixlib=rb-1.2.1&ixid=eyJhcHBfaWQiOjEyMDd9&auto=format&fit=crop&w=1651&q=80","https://images.unsplash.com/photo-1554774853-d50f9c681ae2?ixlib=rb-1.2.1&ixid=eyJhcHBfaWQiOjEyMDd9&auto=format&fit=crop&w=300&q=80"
103,22,"https://images.unsplash.com/photo-1511766566737-1740d1da79be?ixlib=rb-1.2.1&auto=format&fit=crop&w=1650&q=80","https://images.unsplash.com/photo-1511766566737-1740d1da79be?ixlib=rb-1.2.1&auto=format&fit=crop&w=300&q=80"
104,22,"https://images.unsplash.com/photo-1557804506-669a67965ba0?ixlib=rb-1.2.1&ixid=eyJhcHBfaWQiOjEyMDd9&auto=format&fit=crop&w=1567&q=80","https://images.unsplash.com/photo-1557804506-669a67965ba0?ixlib=rb-1.2.1&ixid=eyJhcHBfaWQiOjEyMDd9&auto=format&fit=crop&w=300&q=80"
105,22,"https://images.unsplash.com/photo-1553830591-2f39e38a013c?ixlib=rb-1.2.1&auto=format&fit=crop&w=2760&q=80","https://images.unsplash.com/photo-1553830591-2f39e38a013c?ixlib=rb-1.2.1&auto=format&fit=crop&w=300&q=80"
106,22,"https://images.unsplash.com/photo-1553830591-d8632a99e6ff?ixlib=rb-1.2.1&auto=format&fit=crop&w=1511&q=80","https://images.unsplash.com/photo-1553830591-d8632a99e6ff?ixlib=rb-1.2.1&auto=format&fit=crop&w=300&q=80"
108,22,"https://images.unsplash.com/photo-1526948128573-703ee1aeb6fa?ixlib=rb-1.2.1&auto=format&fit=crop&w=1650&q=80","https://images.unsplash.com/photo-1526948128573-703ee1aeb6fa?ixlib=rb-1.2.1&auto=format&fit=crop&w=300&q=80"
107,22,"https://images.unsplash.com/photo-1554774853-d50f9c681ae2?ixlib=rb-1.2.1&ixid=eyJhcHBfaWQiOjEyMDd9&auto=format&fit=crop&w=1651&q=80","https://images.unsplash.com/photo-1554774853-d50f9c681ae2?ixlib=rb-1.2.1&ixid=eyJhcHBfaWQiOjEyMDd9&auto=format&fit=crop&w=300&q=80"
109,23,"https://images.unsplash.com/photo-1560095633-6803ba0461cd?ixlib=rb-1.2.1&auto=format&fit=crop&w=2734&q=80","https://images.unsplash.com/photo-1560095633-6803ba0461cd?ixlib=rb-1.2.1&auto=format&fit=crop&w=300&q=80"
110,23,"https://images.unsplash.com/photo-1557804506-669a67965ba0?ixlib=rb-1.2.1&ixid=eyJhcHBfaWQiOjEyMDd9&auto=format&fit=crop&w=1567&q=80","https://images.unsplash.com/photo-1557804506-669a67965ba0?ixlib=rb-1.2.1&ixid=eyJhcHBfaWQiOjEyMDd9&auto=format&fit=crop&w=300&q=80"
111,23,"https://images.unsplash.com/photo-1553830591-2f39e38a013c?ixlib=rb-1.2.1&auto=format&fit=crop&w=2760&q=80","https://images.unsplash.com/photo-1553830591-2f39e38a013c?ixlib=rb-1.2.1&auto=format&fit=crop&w=300&q=80"
112,23,"https://images.unsplash.com/photo-1553830591-d8632a99e6ff?ixlib=rb-1.2.1&auto=format&fit=crop&w=1511&q=80","https://images.unsplash.com/photo-1553830591-d8632a99e6ff?ixlib=rb-1.2.1&auto=format&fit=crop&w=300&q=80"
113,23,"https://images.unsplash.com/photo-1526948128573-703ee1aeb6fa?ixlib=rb-1.2.1&auto=format&fit=crop&w=1650&q=80","https://images.unsplash.com/photo-1526948128573-703ee1aeb6fa?ixlib=rb-1.2.1&auto=format&fit=crop&w=300&q=80"
114,23,"https://images.unsplash.com/photo-1554774853-d50f9c681ae2?ixlib=rb-1.2.1&ixid=eyJhcHBfaWQiOjEyMDd9&auto=format&fit=crop&w=1651&q=80","https://images.unsplash.com/photo-1554774853-d50f9c681ae2?ixlib=rb-1.2.1&ixid=eyJhcHBfaWQiOjEyMDd9&auto=format&fit=crop&w=300&q=80"
115,24,"https://images.unsplash.com/photo-1544701758-5241eb611a48?ixlib=rb-1.2.1&ixid=eyJhcHBfaWQiOjEyMDd9&auto=format&fit=crop&w=1650&q=80","https://images.unsplash.com/photo-1544701758-5241eb611a48?ixlib=rb-1.2.1&ixid=eyJhcHBfaWQiOjEyMDd9&auto=format&fit=crop&w=300&q=80"
116,24,"https://images.unsplash.com/photo-1557804506-669a67965ba0?ixlib=rb-1.2.1&ixid=eyJhcHBfaWQiOjEyMDd9&auto=format&fit=crop&w=1567&q=80","https://images.unsplash.com/photo-1557804506-669a67965ba0?ixlib=rb-1.2.1&ixid=eyJhcHBfaWQiOjEyMDd9&auto=format&fit=crop&w=300&q=80"
118,24,"https://images.unsplash.com/photo-1553830591-2f39e38a013c?ixlib=rb-1.2.1&auto=format&fit=crop&w=2760&q=80","https://images.unsplash.com/photo-1553830591-2f39e38a013c?ixlib=rb-1.2.1&auto=format&fit=crop&w=300&q=80"
117,24,"https://images.unsplash.com/photo-1553830591-d8632a99e6ff?ixlib=rb-1.2.1&auto=format&fit=crop&w=1511&q=80","https://images.unsplash.com/photo-1553830591-d8632a99e6ff?ixlib=rb-1.2.1&auto=format&fit=crop&w=300&q=80"
119,24,"https://images.unsplash.com/photo-1526948128573-703ee1aeb6fa?ixlib=rb-1.2.1&auto=format&fit=crop&w=1650&q=80","https://images.unsplash.com/photo-1526948128573-703ee1aeb6fa?ixlib=rb-1.2.1&auto=format&fit=crop&w=300&q=80"
120,24,"https://images.unsplash.com/photo-1554774853-d50f9c681ae2?ixlib=rb-1.2.1&ixid=eyJhcHBfaWQiOjEyMDd9&auto=format&fit=crop&w=1651&q=80","https://images.unsplash.com/photo-1554774853-d50f9c681ae2?ixlib=rb-1.2.1&ixid=eyJhcHBfaWQiOjEyMDd9&auto=format&fit=crop&w=300&q=80"
121,25,"https://images.unsplash.com/photo-1519722417352-7d6959729417?ixlib=rb-1.2.1&ixid=eyJhcHBfaWQiOjEyMDd9&auto=format&fit=crop&w=668&q=80","https://images.unsplash.com/photo-1519722417352-7d6959729417?ixlib=rb-1.2.1&ixid=eyJhcHBfaWQiOjEyMDd9&auto=format&fit=crop&w=300&q=80"
122,25,"https://images.unsplash.com/photo-1557804506-669a67965ba0?ixlib=rb-1.2.1&ixid=eyJhcHBfaWQiOjEyMDd9&auto=format&fit=crop&w=1567&q=80","https://images.unsplash.com/photo-1557804506-669a67965ba0?ixlib=rb-1.2.1&ixid=eyJhcHBfaWQiOjEyMDd9&auto=format&fit=crop&w=300&q=80"
123,25,"https://images.unsplash.com/photo-1553830591-2f39e38a013c?ixlib=rb-1.2.1&auto=format&fit=crop&w=2760&q=80","https://images.unsplash.com/photo-1553830591-2f39e38a013c?ixlib=rb-1.2.1&auto=format&fit=crop&w=300&q=80"
124,25,"https://images.unsplash.com/photo-1553830591-d8632a99e6ff?ixlib=rb-1.2.1&auto=format&fit=crop&w=1511&q=80","https://images.unsplash.com/photo-1553830591-d8632a99e6ff?ixlib=rb-1.2.1&auto=format&fit=crop&w=300&q=80"
125,25,"https://images.unsplash.com/photo-1526948128573-703ee1aeb6fa?ixlib=rb-1.2.1&auto=format&fit=crop&w=1650&q=80","https://images.unsplash.com/photo-1526948128573-703ee1aeb6fa?ixlib=rb-1.2.1&auto=format&fit=crop&w=300&q=80"
126,25,"https://images.unsplash.com/photo-1554774853-d50f9c681ae2?ixlib=rb-1.2.1&ixid=eyJhcHBfaWQiOjEyMDd9&auto=format&fit=crop&w=1651&q=80","https://images.unsplash.com/photo-1554774853-d50f9c681ae2?ixlib=rb-1.2.1&ixid=eyJhcHBfaWQiOjEyMDd9&auto=format&fit=crop&w=300&q=80"
127,26,"https://images.unsplash.com/photo-1544441892-794166f1e3be?ixlib=rb-1.2.1&auto=format&fit=crop&w=1650&q=80","https://images.unsplash.com/photo-1544441892-794166f1e3be?ixlib=rb-1.2.1&auto=format&fit=crop&w=300&q=80"
128,26,"https://images.unsplash.com/photo-1514590734052-344a18719611?ixlib=rb-1.2.1&ixid=eyJhcHBfaWQiOjEyMDd9&auto=format&fit=crop&w=1650&q=80","https://images.unsplash.com/photo-1514590734052-344a18719611?ixlib=rb-1.2.1&ixid=eyJhcHBfaWQiOjEyMDd9&auto=format&fit=crop&w=300&q=80"
129,26,"https://images.unsplash.com/photo-1555274175-6cbf6f3b137b?ixlib=rb-1.2.1&auto=format&fit=crop&w=1650&q=80","https://images.unsplash.com/photo-1555274175-6cbf6f3b137b?ixlib=rb-1.2.1&auto=format&fit=crop&w=300&q=80"
130,26,"https://images.unsplash.com/photo-1460353581641-37baddab0fa2?ixlib=rb-1.2.1&auto=format&fit=crop&w=1651&q=80","https://images.unsplash.com/photo-1460353581641-37baddab0fa2?ixlib=rb-1.2.1&auto=format&fit=crop&w=300&q=80"
131,26,"https://images.unsplash.com/photo-1447879027584-9d17c2ca0333?ixlib=rb-1.2.1&ixid=eyJhcHBfaWQiOjEyMDd9&auto=format&fit=crop&w=1651&q=80","https://images.unsplash.com/photo-1447879027584-9d17c2ca0333?ixlib=rb-1.2.1&ixid=eyJhcHBfaWQiOjEyMDd9&auto=format&fit=crop&w=300&q=80"
132,26,"https://images.unsplash.com/photo-1422728221357-57980993ea99?ixlib=rb-1.2.1&ixid=eyJhcHBfaWQiOjEyMDd9&auto=format&fit=crop&w=1100&q=80","https://images.unsplash.com/photo-1422728221357-57980993ea99?ixlib=rb-1.2.1&ixid=eyJhcHBfaWQiOjEyMDd9&auto=format&fit=crop&w=300&q=80"
133,26,"https://images.unsplash.com/photo-1488778578932-0f84d315fcae?ixlib=rb-1.2.1&ixid=eyJhcHBfaWQiOjEyMDd9&auto=format&fit=crop&w=658&q=80","https://images.unsplash.com/photo-1488778578932-0f84d315fcae?ixlib=rb-1.2.1&ixid=eyJhcHBfaWQiOjEyMDd9&auto=format&fit=crop&w=300&q=80"
134,26,"https://images.unsplash.com/photo-1527431016-15eb83515018?ixlib=rb-1.2.1&ixid=eyJhcHBfaWQiOjEyMDd9&auto=format&fit=crop&w=1100&q=80","https://images.unsplash.com/photo-1527431016-15eb83515018?ixlib=rb-1.2.1&ixid=eyJhcHBfaWQiOjEyMDd9&auto=format&fit=crop&w=300&q=80"
135,26,"https://images.unsplash.com/photo-1534550017194-5df79ed78967?ixlib=rb-1.2.1&ixid=eyJhcHBfaWQiOjEyMDd9&auto=format&fit=crop&w=1000&q=80","https://images.unsplash.com/photo-1534550017194-5df79ed78967?ixlib=rb-1.2.1&ixid=eyJhcHBfaWQiOjEyMDd9&auto=format&fit=crop&w=300&q=80"
136,26,"https://images.unsplash.com/photo-1525896650794-60ad4ec40d0e?ixlib=rb-1.2.1&ixid=eyJhcHBfaWQiOjEyMDd9&auto=format&fit=crop&w=1650&q=80","https://images.unsplash.com/photo-1525896650794-60ad4ec40d0e?ixlib=rb-1.2.1&ixid=eyJhcHBfaWQiOjEyMDd9&auto=format&fit=crop&w=300&q=80"
137,26,"https://images.unsplash.com/photo-1560857792-215f9e3534ed?ixlib=rb-1.2.1&ixid=eyJhcHBfaWQiOjEyMDd9&auto=format&fit=crop&w=668&q=80","https://images.unsplash.com/photo-1560857792-215f9e3534ed?ixlib=rb-1.2.1&ixid=eyJhcHBfaWQiOjEyMDd9&auto=format&fit=crop&w=300&q=80"
138,27,"https://images.unsplash.com/photo-1542280756-74b2f55e73ab?ixlib=rb-1.2.1&auto=format&fit=crop&w=1650&q=80","https://images.unsplash.com/photo-1542280756-74b2f55e73ab?ixlib=rb-1.2.1&auto=format&fit=crop&w=300&q=80"
139,27,"https://images.unsplash.com/photo-1521093470119-a3acdc43374a?ixlib=rb-1.2.1&ixid=eyJhcHBfaWQiOjEyMDd9&auto=format&fit=crop&w=668&q=80","https://images.unsplash.com/photo-1521093470119-a3acdc43374a?ixlib=rb-1.2.1&ixid=eyJhcHBfaWQiOjEyMDd9&auto=format&fit=crop&w=300&q=80"
140,27,"https://images.unsplash.com/photo-1474494819794-90f9664b530d?ixlib=rb-1.2.1&ixid=eyJhcHBfaWQiOjEyMDd9&auto=format&fit=crop&w=1652&q=80","https://images.unsplash.com/photo-1474494819794-90f9664b530d?ixlib=rb-1.2.1&ixid=eyJhcHBfaWQiOjEyMDd9&auto=format&fit=crop&w=300&q=80"
141,27,"https://images.unsplash.com/photo-1465877783223-4eba513e27c6?ixlib=rb-1.2.1&ixid=eyJhcHBfaWQiOjEyMDd9&auto=format&fit=crop&w=1650&q=80","https://images.unsplash.com/photo-1465877783223-4eba513e27c6?ixlib=rb-1.2.1&ixid=eyJhcHBfaWQiOjEyMDd9&auto=format&fit=crop&w=300&q=80"
142,27,"https://images.unsplash.com/photo-1428790031246-698d71b6fe3f?ixlib=rb-1.2.1&ixid=eyJhcHBfaWQiOjEyMDd9&auto=format&fit=crop&w=1650&q=80","https://images.unsplash.com/photo-1428790031246-698d71b6fe3f?ixlib=rb-1.2.1&ixid=eyJhcHBfaWQiOjEyMDd9&auto=format&fit=crop&w=300&q=80"
143,27,"https://images.unsplash.com/photo-1470282312847-28b943046dc1?ixlib=rb-1.2.1&auto=format&fit=crop&w=1652&q=80","https://images.unsplash.com/photo-1470282312847-28b943046dc1?ixlib=rb-1.2.1&auto=format&fit=crop&w=300&q=80"
144,27,"https://images.unsplash.com/photo-1428790067070-0ebf4418d9d8?ixlib=rb-1.2.1&auto=format&fit=crop&w=1650&q=80","https://images.unsplash.com/photo-1428790067070-0ebf4418d9d8?ixlib=rb-1.2.1&auto=format&fit=crop&w=300&q=80"
145,27,"https://images.unsplash.com/photo-1451256656121-9ffc0c898a49?ixlib=rb-1.2.1&auto=format&fit=crop&w=1650&q=80","https://images.unsplash.com/photo-1451256656121-9ffc0c898a49?ixlib=rb-1.2.1&auto=format&fit=crop&w=300&q=80"
146,27,"https://images.unsplash.com/photo-1524604519054-2365ac11e431?ixlib=rb-1.2.1&ixid=eyJhcHBfaWQiOjEyMDd9&auto=format&fit=crop&w=975&q=80","https://images.unsplash.com/photo-1524604519054-2365ac11e431?ixlib=rb-1.2.1&ixid=eyJhcHBfaWQiOjEyMDd9&auto=format&fit=crop&w=300&q=80"
147,27,"https://images.unsplash.com/photo-1541006008768-d181e7f9f3d9?ixlib=rb-1.2.1&ixid=eyJhcHBfaWQiOjEyMDd9&auto=format&fit=crop&w=1568&q=80","https://images.unsplash.com/photo-1541006008768-d181e7f9f3d9?ixlib=rb-1.2.1&ixid=eyJhcHBfaWQiOjEyMDd9&auto=format&fit=crop&w=300&q=80"
148,27,"https://images.unsplash.com/photo-1430390456011-25ac9244999c?ixlib=rb-1.2.1&ixid=eyJhcHBfaWQiOjEyMDd9&auto=format&fit=crop&w=668&q=80","https://images.unsplash.com/photo-1430390456011-25ac9244999c?ixlib=rb-1.2.1&ixid=eyJhcHBfaWQiOjEyMDd9&auto=format&fit=crop&w=300&q=80"
149,28,"https://images.unsplash.com/photo-1542702942-161ceb2e3d91?ixlib=rb-1.2.1&ixid=eyJhcHBfaWQiOjEyMDd9&auto=format&fit=crop&w=2850&q=80","https://images.unsplash.com/photo-1542702942-161ceb2e3d91?ixlib=rb-1.2.1&ixid=eyJhcHBfaWQiOjEyMDd9&auto=format&fit=crop&w=300&q=80"
150,28,"https://images.unsplash.com/photo-1503449377594-32dd9ac4467c?ixlib=rb-1.2.1&ixid=eyJhcHBfaWQiOjEyMDd9&auto=format&fit=crop&w=1651&q=80","https://images.unsplash.com/photo-1503449377594-32dd9ac4467c?ixlib=rb-1.2.1&ixid=eyJhcHBfaWQiOjEyMDd9&auto=format&fit=crop&w=300&q=80"
151,28,"https://images.unsplash.com/photo-1457968867385-9f877f3f2bce?ixlib=rb-1.2.1&ixid=eyJhcHBfaWQiOjEyMDd9&auto=format&fit=crop&w=1650&q=80","https://images.unsplash.com/photo-1457968867385-9f877f3f2bce?ixlib=rb-1.2.1&ixid=eyJhcHBfaWQiOjEyMDd9&auto=format&fit=crop&w=300&q=80"
152,28,"https://images.unsplash.com/photo-1469617833234-8a6843da14d0?ixlib=rb-1.2.1&auto=format&fit=crop&w=2764&q=80","https://images.unsplash.com/photo-1469617833234-8a6843da14d0?ixlib=rb-1.2.1&auto=format&fit=crop&w=300&q=80"
153,28,"https://images.unsplash.com/photo-1499852848443-3004d6dc4cfc?ixlib=rb-1.2.1&auto=format&fit=crop&w=1567&q=80","https://images.unsplash.com/photo-1499852848443-3004d6dc4cfc?ixlib=rb-1.2.1&auto=format&fit=crop&w=300&q=80"
154,28,"https://images.unsplash.com/photo-1511499008188-de491bbbae98?ixlib=rb-1.2.1&auto=format&fit=crop&w=988&q=80","https://images.unsplash.com/photo-1511499008188-de491bbbae98?ixlib=rb-1.2.1&auto=format&fit=crop&w=300&q=80"
155,28,"https://images.unsplash.com/photo-1522653216850-4f1415a174fb?ixlib=rb-1.2.1&ixid=eyJhcHBfaWQiOjEyMDd9&auto=format&fit=crop&w=975&q=80","https://images.unsplash.com/photo-1522653216850-4f1415a174fb?ixlib=rb-1.2.1&ixid=eyJhcHBfaWQiOjEyMDd9&auto=format&fit=crop&w=300&q=80"
156,28,"https://images.unsplash.com/photo-1519396317879-83334cb422f8?ixlib=rb-1.2.1&ixid=eyJhcHBfaWQiOjEyMDd9&auto=format&fit=crop&w=1650&q=80","https://images.unsplash.com/photo-1519396317879-83334cb422f8?ixlib=rb-1.2.1&ixid=eyJhcHBfaWQiOjEyMDd9&auto=format&fit=crop&w=300&q=80"
157,28,"https://images.unsplash.com/photo-1517583010307-3f789911b89c?ixlib=rb-1.2.1&ixid=eyJhcHBfaWQiOjEyMDd9&auto=format&fit=crop&w=1536&q=80","https://images.unsplash.com/photo-1517583010307-3f789911b89c?ixlib=rb-1.2.1&ixid=eyJhcHBfaWQiOjEyMDd9&auto=format&fit=crop&w=300&q=80"
158,28,"https://images.unsplash.com/photo-1558191053-c03db2757e3d?ixlib=rb-1.2.1&auto=format&fit=crop&w=1650&q=80","https://images.unsplash.com/photo-1558191053-c03db2757e3d?ixlib=rb-1.2.1&auto=format&fit=crop&w=300&q=80"
159,28,"https://images.unsplash.com/photo-1518894781321-630e638d0742?ixlib=rb-1.2.1&auto=format&fit=crop&w=1100&q=80","https://images.unsplash.com/photo-1518894781321-630e638d0742?ixlib=rb-1.2.1&auto=format&fit=crop&w=300&q=80"
160,29,"https://images.unsplash.com/photo-1542272454315-4c01d7abdf4a?ixlib=rb-1.2.1&auto=format&fit=crop&w=2850&q=80","https://images.unsplash.com/photo-1542272454315-4c01d7abdf4a?ixlib=rb-1.2.1&auto=format&fit=crop&w=300&q=80"
161,29,"https://images.unsplash.com/photo-1553981834-a23f5b69e3ec?ixlib=rb-1.2.1&ixid=eyJhcHBfaWQiOjEyMDd9&auto=format&fit=crop&w=1650&q=80","https://images.unsplash.com/photo-1553981834-a23f5b69e3ec?ixlib=rb-1.2.1&ixid=eyJhcHBfaWQiOjEyMDd9&auto=format&fit=crop&w=300&q=80"
162,29,"https://images.unsplash.com/photo-1531091087823-cb600a47ab79?ixlib=rb-1.2.1&auto=format&fit=crop&w=668&q=80","https://images.unsplash.com/photo-1531091087823-cb600a47ab79?ixlib=rb-1.2.1&auto=format&fit=crop&w=300&q=80"
163,29,"https://images.unsplash.com/photo-1514613818067-e207c3441db0?ixlib=rb-1.2.1&auto=format&fit=crop&w=1000&q=80","https://images.unsplash.com/photo-1514613818067-e207c3441db0?ixlib=rb-1.2.1&auto=format&fit=crop&w=300&q=80"
164,29,"https://images.unsplash.com/photo-1503146695898-afdf8ce5d5a8?ixlib=rb-1.2.1&auto=format&fit=crop&w=1000&q=80","https://images.unsplash.com/photo-1503146695898-afdf8ce5d5a8?ixlib=rb-1.2.1&auto=format&fit=crop&w=300&q=80"
165,29,"https://images.unsplash.com/photo-1512023983263-7e94bf6b913e?ixlib=rb-1.2.1&ixid=eyJhcHBfaWQiOjEyMDd9&auto=format&fit=crop&w=1650&q=80","https://images.unsplash.com/photo-1512023983263-7e94bf6b913e?ixlib=rb-1.2.1&ixid=eyJhcHBfaWQiOjEyMDd9&auto=format&fit=crop&w=300&q=80"
166,29,"https://images.unsplash.com/photo-1501813722636-45de2fe4f9b4?ixlib=rb-1.2.1&auto=format&fit=crop&w=1650&q=80","https://images.unsplash.com/photo-1501813722636-45de2fe4f9b4?ixlib=rb-1.2.1&auto=format&fit=crop&w=300&q=80"
167,29,"https://images.unsplash.com/photo-1507464098880-e367bc5d2c08?ixlib=rb-1.2.1&auto=format&fit=crop&w=1650&q=80","https://images.unsplash.com/photo-1507464098880-e367bc5d2c08?ixlib=rb-1.2.1&auto=format&fit=crop&w=300&q=80"
168,29,"https://images.unsplash.com/photo-1558682596-dea9bf84c219?ixlib=rb-1.2.1&auto=format&fit=crop&w=2098&q=80","https://images.unsplash.com/photo-1558682596-dea9bf84c219?ixlib=rb-1.2.1&auto=format&fit=crop&w=300&q=80"
169,29,"https://images.unsplash.com/photo-1504281623087-1a6dd8f827c2?ixlib=rb-1.2.1&ixid=eyJhcHBfaWQiOjEyMDd9&auto=format&fit=crop&w=975&q=80","https://images.unsplash.com/photo-1504281623087-1a6dd8f827c2?ixlib=rb-1.2.1&ixid=eyJhcHBfaWQiOjEyMDd9&auto=format&fit=crop&w=300&q=80"
170,29,"https://images.unsplash.com/photo-1462833867037-0f06eab31cc4?ixlib=rb-1.2.1&ixid=eyJhcHBfaWQiOjEyMDd9&auto=format&fit=crop&w=2850&q=80","https://images.unsplash.com/photo-1462833867037-0f06eab31cc4?ixlib=rb-1.2.1&ixid=eyJhcHBfaWQiOjEyMDd9&auto=format&fit=crop&w=300&q=80"
171,30,"https://images.unsplash.com/photo-1477420143023-6a0e0b04b69a?ixlib=rb-1.2.1&ixid=eyJhcHBfaWQiOjEyMDd9&auto=format&fit=crop&w=1650&q=80","https://images.unsplash.com/photo-1477420143023-6a0e0b04b69a?ixlib=rb-1.2.1&ixid=eyJhcHBfaWQiOjEyMDd9&auto=format&fit=crop&w=300&q=80"
172,30,"https://images.unsplash.com/photo-1518687338977-a84d3086a934?ixlib=rb-1.2.1&ixid=eyJhcHBfaWQiOjEyMDd9&auto=format&fit=crop&w=652&q=80","https://images.unsplash.com/photo-1518687338977-a84d3086a934?ixlib=rb-1.2.1&ixid=eyJhcHBfaWQiOjEyMDd9&auto=format&fit=crop&w=300&q=80"
173,30,"https://images.unsplash.com/photo-1546367791-e7447b431084?ixlib=rb-1.2.1&ixid=eyJhcHBfaWQiOjEyMDd9&auto=format&fit=crop&w=1650&q=80","https://images.unsplash.com/photo-1546367791-e7447b431084?ixlib=rb-1.2.1&ixid=eyJhcHBfaWQiOjEyMDd9&auto=format&fit=crop&w=300&q=80"
174,30,"https://images.unsplash.com/photo-1498168208808-4c2706938a2f?ixlib=rb-1.2.1&ixid=eyJhcHBfaWQiOjEyMDd9&auto=format&fit=crop&w=1001&q=80","https://images.unsplash.com/photo-1498168208808-4c2706938a2f?ixlib=rb-1.2.1&ixid=eyJhcHBfaWQiOjEyMDd9&auto=format&fit=crop&w=300&q=80"
175,30,"https://images.unsplash.com/photo-1556812191-381c7e7d96d6?ixlib=rb-1.2.1&ixid=eyJhcHBfaWQiOjEyMDd9&auto=format&fit=crop&w=2982&q=80","https://images.unsplash.com/photo-1556812191-381c7e7d96d6?ixlib=rb-1.2.1&ixid=eyJhcHBfaWQiOjEyMDd9&auto=format&fit=crop&w=300&q=80"
176,30,"https://images.unsplash.com/photo-1526330563440-3ae2174b6bce?ixlib=rb-1.2.1&ixid=eyJhcHBfaWQiOjEyMDd9&auto=format&fit=crop&w=1655&q=80","https://images.unsplash.com/photo-1526330563440-3ae2174b6bce?ixlib=rb-1.2.1&ixid=eyJhcHBfaWQiOjEyMDd9&auto=format&fit=crop&w=300&q=80"
177,30,"https://images.unsplash.com/photo-1515243061678-14fc18b93935?ixlib=rb-1.2.1&ixid=eyJhcHBfaWQiOjEyMDd9&auto=format&fit=crop&w=1650&q=80","uhttps://images.unsplash.com/photo-1515243061678-14fc18b93935?ixlib=rb-1.2.1&ixid=eyJhcHBfaWQiOjEyMDd9&auto=format&fit=crop&w=300&q=80"
178,30,"https://images.unsplash.com/photo-1516199707327-5399434d0aa4?ixlib=rb-1.2.1&ixid=eyJhcHBfaWQiOjEyMDd9&auto=format&fit=crop&w=1083&q=80","https://images.unsplash.com/photo-1516199707327-5399434d0aa4?ixlib=rb-1.2.1&ixid=eyJhcHBfaWQiOjEyMDd9&auto=format&fit=crop&w=300&q=80"
179,30,"https://images.unsplash.com/photo-1541444446610-749d3299b35e?ixlib=rb-1.2.1&ixid=eyJhcHBfaWQiOjEyMDd9&auto=format&fit=crop&w=1650&q=80","https://images.unsplash.com/photo-1541444446610-749d3299b35e?ixlib=rb-1.2.1&ixid=eyJhcHBfaWQiOjEyMDd9&auto=format&fit=crop&w=300&q=80"
180,30,"https://images.unsplash.com/photo-1548861216-17dd1ac80d5f?ixlib=rb-1.2.1&ixid=eyJhcHBfaWQiOjEyMDd9&auto=format&fit=crop&w=664&q=80","https://images.unsplash.com/photo-1548861216-17dd1ac80d5f?ixlib=rb-1.2.1&ixid=eyJhcHBfaWQiOjEyMDd9&auto=format&fit=crop&w=300&q=80"
181,30,"https://images.unsplash.com/photo-1558422504-3d17542c1799?ixlib=rb-1.2.1&ixid=eyJhcHBfaWQiOjEyMDd9&auto=format&fit=crop&w=1650&q=80","https://images.unsplash.com/photo-1558422504-3d17542c1799?ixlib=rb-1.2.1&ixid=eyJhcHBfaWQiOjEyMDd9&auto=format&fit=crop&w=300&q=80"
182,31,"https://images.unsplash.com/photo-1463100099107-aa0980c362e6?ixlib=rb-1.2.1&ixid=eyJhcHBfaWQiOjEyMDd9&auto=format&fit=crop&w=1650&q=80","https://images.unsplash.com/photo-1463100099107-aa0980c362e6?ixlib=rb-1.2.1&ixid=eyJhcHBfaWQiOjEyMDd9&auto=format&fit=crop&w=300&q=80"
183,31,"https://images.unsplash.com/photo-1536830220630-ce146cccac84?ixlib=rb-1.2.1&auto=format&fit=crop&w=1650&q=80","https://images.unsplash.com/photo-1536830220630-ce146cccac84?ixlib=rb-1.2.1&auto=format&fit=crop&w=300&q=80"
184,31,"https://images.unsplash.com/photo-1459947727010-6267d2c1232f?ixlib=rb-1.2.1&ixid=eyJhcHBfaWQiOjEyMDd9&auto=format&fit=crop&w=1650&q=80","https://images.unsplash.com/photo-1459947727010-6267d2c1232f?ixlib=rb-1.2.1&ixid=eyJhcHBfaWQiOjEyMDd9&auto=format&fit=crop&w=300&q=80"
185,31,"https://images.unsplash.com/photo-1526113438757-122d6d54da4e?ixlib=rb-1.2.1&auto=format&fit=crop&w=1563&q=80","https://images.unsplash.com/photo-1526113438757-122d6d54da4e?ixlib=rb-1.2.1&auto=format&fit=crop&w=300&q=80"
186,31,"https://images.unsplash.com/photo-1523296357416-a4b3c4b9ee65?ixlib=rb-1.2.1&ixid=eyJhcHBfaWQiOjEyMDd9&auto=format&fit=crop&w=1650&q=80","https://images.unsplash.com/photo-1523296357416-a4b3c4b9ee65?ixlib=rb-1.2.1&ixid=eyJhcHBfaWQiOjEyMDd9&auto=format&fit=crop&w=300&q=80"
187,31,"https://images.unsplash.com/photo-1510867759970-3d2ca293be77?ixlib=rb-1.2.1&ixid=eyJhcHBfaWQiOjEyMDd9&auto=format&fit=crop&w=668&q=80","https://images.unsplash.com/photo-1510867759970-3d2ca293be77?ixlib=rb-1.2.1&ixid=eyJhcHBfaWQiOjEyMDd9&auto=format&fit=crop&w=300&q=80"
188,31,"https://images.unsplash.com/photo-1534960680480-ca9853707e10?ixlib=rb-1.2.1&ixid=eyJhcHBfaWQiOjEyMDd9&auto=format&fit=crop&w=2384&q=80","https://images.unsplash.com/photo-1534960680480-ca9853707e10?ixlib=rb-1.2.1&ixid=eyJhcHBfaWQiOjEyMDd9&auto=format&fit=crop&w=300&q=80"
189,31,"https://images.unsplash.com/photo-1519330377309-9ee1c6783348?ixlib=rb-1.2.1&ixid=eyJhcHBfaWQiOjEyMDd9&auto=format&fit=crop&w=668&q=80","https://images.unsplash.com/photo-1519330377309-9ee1c6783348?ixlib=rb-1.2.1&ixid=eyJhcHBfaWQiOjEyMDd9&auto=format&fit=crop&w=300&q=80"
190,31,"https://images.unsplash.com/11/converse-fields.jpg?ixlib=rb-1.2.1&auto=format&fit=crop&w=1570&q=80","https://images.unsplash.com/11/converse-fields.jpg?ixlib=rb-1.2.1&auto=format&fit=crop&w=300&q=80"
191,31,"https://images.unsplash.com/photo-1522032238811-74bc59578599?ixlib=rb-1.2.1&auto=format&fit=crop&w=1567&q=80","https://images.unsplash.com/photo-1522032238811-74bc59578599?ixlib=rb-1.2.1&auto=format&fit=crop&w=300&q=80"
192,31,"https://images.unsplash.com/photo-1472186422470-1f3fbde547aa?ixlib=rb-1.2.1&auto=format&fit=crop&w=1647&q=80","https://images.unsplash.com/photo-1472186422470-1f3fbde547aa?ixlib=rb-1.2.1&auto=format&fit=crop&w=300&q=80"
193,32,"https://images.unsplash.com/photo-1561861422-a549073e547a?ixlib=rb-1.2.1&ixid=eyJhcHBfaWQiOjEyMDd9&auto=format&fit=crop&w=668&q=80","https://images.unsplash.com/photo-1561861422-a549073e547a?ixlib=rb-1.2.1&ixid=eyJhcHBfaWQiOjEyMDd9&auto=format&fit=crop&w=300&q=80"
194,32,"https://images.unsplash.com/photo-1560072810-1cffb09faf0f?ixlib=rb-1.2.1&ixid=eyJhcHBfaWQiOjEyMDd9&auto=format&fit=crop&w=1650&q=80","https://images.unsplash.com/photo-1560072810-1cffb09faf0f?ixlib=rb-1.2.1&ixid=eyJhcHBfaWQiOjEyMDd9&auto=format&fit=crop&w=300&q=80"
204,33,"https://images.unsplash.com/uploads/1412198532414025532c0/6a31309c?ixlib=rb-1.2.1&ixid=eyJhcHBfaWQiOjEyMDd9&auto=format&fit=crop&w=1600&q=80","https://images.unsplash.com/uploads/1412198532414025532c0/6a31309c?ixlib=rb-1.2.1&ixid=eyJhcHBfaWQiOjEyMDd9&auto=format&fit=crop&w=300&q=80"
205,33,"https://images.unsplash.com/photo-1454024183771-42d54053cd75?ixlib=rb-1.2.1&ixid=eyJhcHBfaWQiOjEyMDd9&auto=format&fit=crop&w=1650&q=80","https://images.unsplash.com/photo-1454024183771-42d54053cd75?ixlib=rb-1.2.1&ixid=eyJhcHBfaWQiOjEyMDd9&auto=format&fit=crop&w=300&q=80"
215,34,"https://images.unsplash.com/photo-1465124982537-9f918f1e1aaf?ixlib=rb-1.2.1&auto=format&fit=crop&w=1650&q=80","https://images.unsplash.com/photo-1465124982537-9f918f1e1aaf?ixlib=rb-1.2.1&auto=format&fit=crop&w=300&q=80"
216,34,"https://images.unsplash.com/photo-1449505278894-297fdb3edbc1?ixlib=rb-1.2.1&auto=format&fit=crop&w=1650&q=80","https://images.unsplash.com/photo-1449505278894-297fdb3edbc1?ixlib=rb-1.2.1&auto=format&fit=crop&w=300&q=80"
226,35,"https://images.unsplash.com/photo-1454177643390-7f100d1bbeec?ixlib=rb-1.2.1&ixid=eyJhcHBfaWQiOjEyMDd9&auto=format&fit=crop&w=1650&q=80","https://images.unsplash.com/photo-1454177643390-7f100d1bbeec?ixlib=rb-1.2.1&ixid=eyJhcHBfaWQiOjEyMDd9&auto=format&fit=crop&w=300&q=80"
238,36,"https://images.unsplash.com/photo-1499013819532-e4ff41b00669?ixlib=rb-1.2.1&ixid=eyJhcHBfaWQiOjEyMDd9&auto=format&fit=crop&w=1100&q=80","https://images.unsplash.com/photo-1499013819532-e4ff41b00669?ixlib=rb-1.2.1&ixid=eyJhcHBfaWQiOjEyMDd9&auto=format&fit=crop&w=300&q=80"
237,36,"https://images.unsplash.com/photo-1459631836437-1c2824882e3f?ixlib=rb-1.2.1&auto=format&fit=crop&w=1650&q=80","https://images.unsplash.com/photo-1459631836437-1c2824882e3f?ixlib=rb-1.2.1&auto=format&fit=crop&w=300&q=80"
248,37,"https://images.unsplash.com/photo-1551489186-cf8726f514f8?ixlib=rb-1.2.1&ixid=eyJhcHBfaWQiOjEyMDd9&auto=format&fit=crop&w=1650&q=80","https://images.unsplash.com/photo-1551489186-cf8726f514f8?ixlib=rb-1.2.1&ixid=eyJhcHBfaWQiOjEyMDd9&auto=format&fit=crop&w=300&q=80"
249,37,"https://images.unsplash.com/photo-1507920676663-3b72429774ff?ixlib=rb-1.2.1&auto=format&fit=crop&w=1567&q=80","https://images.unsplash.com/photo-1507920676663-3b72429774ff?ixlib=rb-1.2.1&auto=format&fit=crop&w=300&q=80
250,37,"https://images.unsplash.com/photo-1544376664-80b17f09d399?ixlib=rb-1.2.1&ixid=eyJhcHBfaWQiOjEyMDd9&auto=format&fit=crop&w=1525&q=80","https://images.unsplash.com/photo-1544376664-80b17f09d399?ixlib=rb-1.2.1&ixid=eyJhcHBfaWQiOjEyMDd9&auto=format&fit=crop&w=300&q=80"
251,37,"https://images.unsplash.com/photo-1513531926349-466f15ec8cc7?ixlib=rb-1.2.1&ixid=eyJhcHBfaWQiOjEyMDd9&auto=format&fit=crop&w=1650&q=80","https://images.unsplash.com/photo-1513531926349-466f15ec8cc7?ixlib=rb-1.2.1&ixid=eyJhcHBfaWQiOjEyMDd9&auto=format&fit=crop&w=300&q=80"
252,37,"https://images.unsplash.com/photo-1517278322228-3fe7a86cf6f0?ixlib=rb-1.2.1&auto=format&fit=crop&w=1567&q=80","https://images.unsplash.com/photo-1517278322228-3fe7a86cf6f0?ixlib=rb-1.2.1&auto=format&fit=crop&w=300&q=80"
253,37,"https://images.unsplash.com/photo-1517720359744-6d12f8a09b10?ixlib=rb-1.2.1&ixid=eyJhcHBfaWQiOjEyMDd9&auto=format&fit=crop&w=1567&q=80","https://images.unsplash.com/photo-1517720359744-6d12f8a09b10?ixlib=rb-1.2.1&ixid=eyJhcHBfaWQiOjEyMDd9&auto=format&fit=crop&w=300&q=80"
254,37,"https://images.unsplash.com/photo-1530821875964-91927b611bad?ixlib=rb-1.2.1&ixid=eyJhcHBfaWQiOjEyMDd9&auto=format&fit=crop&w=1650&q=80","https://images.unsplash.com/photo-1530821875964-91927b611bad?ixlib=rb-1.2.1&ixid=eyJhcHBfaWQiOjEyMDd9&auto=format&fit=crop&w=300&q=80"
255,37,"https://images.unsplash.com/photo-1519862170344-6cd5e49cb996?ixlib=rb-1.2.1&ixid=eyJhcHBfaWQiOjEyMDd9&auto=format&fit=crop&w=1650&q=80","https://images.unsplash.com/photo-1519862170344-6cd5e49cb996?ixlib=rb-1.2.1&ixid=eyJhcHBfaWQiOjEyMDd9&auto=format&fit=crop&w=300&q=80"
256,37,"https://images.unsplash.com/photo-1558014356-f7c41bc744f7?ixlib=rb-1.2.1&ixid=eyJhcHBfaWQiOjEyMDd9&auto=format&fit=crop&w=1650&q=80","https://images.unsplash.com/photo-1558014356-f7c41bc744f7?ixlib=rb-1.2.1&ixid=eyJhcHBfaWQiOjEyMDd9&auto=format&fit=crop&w=300&q=80"
257,37,"https://images.unsplash.com/photo-1542818212-9899bafcb9db?ixlib=rb-1.2.1&ixid=eyJhcHBfaWQiOjEyMDd9&auto=format&fit=crop&w=1526&q=80","https://images.unsplash.com/photo-1542818212-9899bafcb9db?ixlib=rb-1.2.1&ixid=eyJhcHBfaWQiOjEyMDd9&auto=format&fit=crop&w=300&q=80"
258,37,"https://images.unsplash.com/photo-1515110371136-7e393289662c?ixlib=rb-1.2.1&ixid=eyJhcHBfaWQiOjEyMDd9&auto=format&fit=crop&w=1656&q=80","https://images.unsplash.com/photo-1515110371136-7e393289662c?ixlib=rb-1.2.1&ixid=eyJhcHBfaWQiOjEyMDd9&auto=format&fit=crop&w=300&q=80"
259,38,"https://images.unsplash.com/photo-1520904549193-5ab0027b3fa6?ixlib=rb-1.2.1&ixid=eyJhcHBfaWQiOjEyMDd9&auto=format&fit=crop&w=668&q=80","https://images.unsplash.com/photo-1520904549193-5ab0027b3fa6?ixlib=rb-1.2.1&ixid=eyJhcHBfaWQiOjEyMDd9&auto=format&fit=crop&w=300&q=80"
260,38,"https://images.unsplash.com/photo-1517720359744-6d12f8a09b10?ixlib=rb-1.2.1&ixid=eyJhcHBfaWQiOjEyMDd9&auto=format&fit=crop&w=1567&q=80","https://images.unsplash.com/photo-1517720359744-6d12f8a09b10?ixlib=rb-1.2.1&ixid=eyJhcHBfaWQiOjEyMDd9&auto=format&fit=crop&w=300&q=80"
261,38,"https://images.unsplash.com/photo-1530821875964-91927b611bad?ixlib=rb-1.2.1&ixid=eyJhcHBfaWQiOjEyMDd9&auto=format&fit=crop&w=1650&q=80","https://images.unsplash.com/photo-1530821875964-91927b611bad?ixlib=rb-1.2.1&ixid=eyJhcHBfaWQiOjEyMDd9&auto=format&fit=crop&w=300&q=80"
262,38,"https://images.unsplash.com/photo-1519862170344-6cd5e49cb996?ixlib=rb-1.2.1&ixid=eyJhcHBfaWQiOjEyMDd9&auto=format&fit=crop&w=1650&q=80","https://images.unsplash.com/photo-1519862170344-6cd5e49cb996?ixlib=rb-1.2.1&ixid=eyJhcHBfaWQiOjEyMDd9&auto=format&fit=crop&w=300&q=80"
263,38,"https://images.unsplash.com/photo-1507920676663-3b72429774ff?ixlib=rb-1.2.1&auto=format&fit=crop&w=1567&q=80","https://images.unsplash.com/photo-1507920676663-3b72429774ff?ixlib=rb-1.2.1&auto=format&fit=crop&w=300&q=80
264,38,"https://images.unsplash.com/photo-1544376664-80b17f09d399?ixlib=rb-1.2.1&ixid=eyJhcHBfaWQiOjEyMDd9&auto=format&fit=crop&w=1525&q=80","https://images.unsplash.com/photo-1544376664-80b17f09d399?ixlib=rb-1.2.1&ixid=eyJhcHBfaWQiOjEyMDd9&auto=format&fit=crop&w=300&q=80"
265,38,"https://images.unsplash.com/photo-1513531926349-466f15ec8cc7?ixlib=rb-1.2.1&ixid=eyJhcHBfaWQiOjEyMDd9&auto=format&fit=crop&w=1650&q=80","https://images.unsplash.com/photo-1513531926349-466f15ec8cc7?ixlib=rb-1.2.1&ixid=eyJhcHBfaWQiOjEyMDd9&auto=format&fit=crop&w=300&q=80"
266,38,"https://images.unsplash.com/photo-1517278322228-3fe7a86cf6f0?ixlib=rb-1.2.1&auto=format&fit=crop&w=1567&q=80","https://images.unsplash.com/photo-1517278322228-3fe7a86cf6f0?ixlib=rb-1.2.1&auto=format&fit=crop&w=300&q=80"
267,38,"https://images.unsplash.com/photo-1517720359744-6d12f8a09b10?ixlib=rb-1.2.1&ixid=eyJhcHBfaWQiOjEyMDd9&auto=format&fit=crop&w=1567&q=80","https://images.unsplash.com/photo-1517720359744-6d12f8a09b10?ixlib=rb-1.2.1&ixid=eyJhcHBfaWQiOjEyMDd9&auto=format&fit=crop&w=300&q=80"
268,38,"https://images.unsplash.com/photo-1530821875964-91927b611bad?ixlib=rb-1.2.1&ixid=eyJhcHBfaWQiOjEyMDd9&auto=format&fit=crop&w=1650&q=80","https://images.unsplash.com/photo-1530821875964-91927b611bad?ixlib=rb-1.2.1&ixid=eyJhcHBfaWQiOjEyMDd9&auto=format&fit=crop&w=300&q=80"
269,38,"https://images.unsplash.com/photo-1519862170344-6cd5e49cb996?ixlib=rb-1.2.1&ixid=eyJhcHBfaWQiOjEyMDd9&auto=format&fit=crop&w=1650&q=80","https://images.unsplash.com/photo-1519862170344-6cd5e49cb996?ixlib=rb-1.2.1&ixid=eyJhcHBfaWQiOjEyMDd9&auto=format&fit=crop&w=300&q=80"
270,39,"https://images.unsplash.com/photo-1473396413399-6717ef7c4093?ixlib=rb-1.2.1&ixid=eyJhcHBfaWQiOjEyMDd9&auto=format&fit=crop&w=1650&q=80","https://images.unsplash.com/photo-1473396413399-6717ef7c4093?ixlib=rb-1.2.1&ixid=eyJhcHBfaWQiOjEyMDd9&auto=format&fit=crop&w=300&q=80"
271,39,"https://images.unsplash.com/photo-1558014356-f7c41bc744f7?ixlib=rb-1.2.1&ixid=eyJhcHBfaWQiOjEyMDd9&auto=format&fit=crop&w=1650&q=80","https://images.unsplash.com/photo-1558014356-f7c41bc744f7?ixlib=rb-1.2.1&ixid=eyJhcHBfaWQiOjEyMDd9&auto=format&fit=crop&w=300&q=80"
272,39,"https://images.unsplash.com/photo-1507920676663-3b72429774ff?ixlib=rb-1.2.1&auto=format&fit=crop&w=1567&q=80","https://images.unsplash.com/photo-1507920676663-3b72429774ff?ixlib=rb-1.2.1&auto=format&fit=crop&w=300&q=80
273,39,"https://images.unsplash.com/photo-1544376664-80b17f09d399?ixlib=rb-1.2.1&ixid=eyJhcHBfaWQiOjEyMDd9&auto=format&fit=crop&w=1525&q=80","https://images.unsplash.com/photo-1544376664-80b17f09d399?ixlib=rb-1.2.1&ixid=eyJhcHBfaWQiOjEyMDd9&auto=format&fit=crop&w=300&q=80"
274,39,"https://images.unsplash.com/photo-1513531926349-466f15ec8cc7?ixlib=rb-1.2.1&ixid=eyJhcHBfaWQiOjEyMDd9&auto=format&fit=crop&w=1650&q=80","https://images.unsplash.com/photo-1513531926349-466f15ec8cc7?ixlib=rb-1.2.1&ixid=eyJhcHBfaWQiOjEyMDd9&auto=format&fit=crop&w=300&q=80"
275,39,"https://images.unsplash.com/photo-1517278322228-3fe7a86cf6f0?ixlib=rb-1.2.1&auto=format&fit=crop&w=1567&q=80","https://images.unsplash.com/photo-1517278322228-3fe7a86cf6f0?ixlib=rb-1.2.1&auto=format&fit=crop&w=300&q=80"
276,39,"https://images.unsplash.com/photo-1517720359744-6d12f8a09b10?ixlib=rb-1.2.1&ixid=eyJhcHBfaWQiOjEyMDd9&auto=format&fit=crop&w=1567&q=80","https://images.unsplash.com/photo-1517720359744-6d12f8a09b10?ixlib=rb-1.2.1&ixid=eyJhcHBfaWQiOjEyMDd9&auto=format&fit=crop&w=300&q=80"
277,39,"https://images.unsplash.com/photo-1530821875964-91927b611bad?ixlib=rb-1.2.1&ixid=eyJhcHBfaWQiOjEyMDd9&auto=format&fit=crop&w=1650&q=80","https://images.unsplash.com/photo-1530821875964-91927b611bad?ixlib=rb-1.2.1&ixid=eyJhcHBfaWQiOjEyMDd9&auto=format&fit=crop&w=300&q=80"
278,39,"https://images.unsplash.com/photo-1519862170344-6cd5e49cb996?ixlib=rb-1.2.1&ixid=eyJhcHBfaWQiOjEyMDd9&auto=format&fit=crop&w=1650&q=80","https://images.unsplash.com/photo-1519862170344-6cd5e49cb996?ixlib=rb-1.2.1&ixid=eyJhcHBfaWQiOjEyMDd9&auto=format&fit=crop&w=300&q=80"
281,40,"https://images.unsplash.com/photo-1505248254168-1de4e1abfa78?ixlib=rb-1.2.1&ixid=eyJhcHBfaWQiOjEyMDd9&auto=format&fit=crop&w=1649&q=80","https://images.unsplash.com/photo-1505248254168-1de4e1abfa78?ixlib=rb-1.2.1&ixid=eyJhcHBfaWQiOjEyMDd9&auto=format&fit=crop&w=300&q=80"
282,40,"https://images.unsplash.com/photo-1507920676663-3b72429774ff?ixlib=rb-1.2.1&auto=format&fit=crop&w=1567&q=80","https://images.unsplash.com/photo-1507920676663-3b72429774ff?ixlib=rb-1.2.1&auto=format&fit=crop&w=300&q=80
283,40,"https://images.unsplash.com/photo-1544376664-80b17f09d399?ixlib=rb-1.2.1&ixid=eyJhcHBfaWQiOjEyMDd9&auto=format&fit=crop&w=1525&q=80","https://images.unsplash.com/photo-1544376664-80b17f09d399?ixlib=rb-1.2.1&ixid=eyJhcHBfaWQiOjEyMDd9&auto=format&fit=crop&w=300&q=80"
284,40,"https://images.unsplash.com/photo-1513531926349-466f15ec8cc7?ixlib=rb-1.2.1&ixid=eyJhcHBfaWQiOjEyMDd9&auto=format&fit=crop&w=1650&q=80","https://images.unsplash.com/photo-1513531926349-466f15ec8cc7?ixlib=rb-1.2.1&ixid=eyJhcHBfaWQiOjEyMDd9&auto=format&fit=crop&w=300&q=80"
285,40,"https://images.unsplash.com/photo-1517278322228-3fe7a86cf6f0?ixlib=rb-1.2.1&auto=format&fit=crop&w=1567&q=80","https://images.unsplash.com/photo-1517278322228-3fe7a86cf6f0?ixlib=rb-1.2.1&auto=format&fit=crop&w=300&q=80"
286,40,"https://images.unsplash.com/photo-1517720359744-6d12f8a09b10?ixlib=rb-1.2.1&ixid=eyJhcHBfaWQiOjEyMDd9&auto=format&fit=crop&w=1567&q=80","https://images.unsplash.com/photo-1517720359744-6d12f8a09b10?ixlib=rb-1.2.1&ixid=eyJhcHBfaWQiOjEyMDd9&auto=format&fit=crop&w=300&q=80"
287,40,"https://images.unsplash.com/photo-1530821875964-91927b611bad?ixlib=rb-1.2.1&ixid=eyJhcHBfaWQiOjEyMDd9&auto=format&fit=crop&w=1650&q=80","https://images.unsplash.com/photo-1530821875964-91927b611bad?ixlib=rb-1.2.1&ixid=eyJhcHBfaWQiOjEyMDd9&auto=format&fit=crop&w=300&q=80"
288,40,"https://images.unsplash.com/photo-1519862170344-6cd5e49cb996?ixlib=rb-1.2.1&ixid=eyJhcHBfaWQiOjEyMDd9&auto=format&fit=crop&w=1650&q=80","https://images.unsplash.com/photo-1519862170344-6cd5e49cb996?ixlib=rb-1.2.1&ixid=eyJhcHBfaWQiOjEyMDd9&auto=format&fit=crop&w=300&q=80"
292,41,"https://images.unsplash.com/photo-1519482816300-1490fdf2c2bd?ixlib=rb-1.2.1&auto=format&fit=crop&w=1650&q=80","https://images.unsplash.com/photo-1519482816300-1490fdf2c2bd?ixlib=rb-1.2.1&auto=format&fit=crop&w=300&q=80"
293,41,"https://images.unsplash.com/photo-1542818212-9899bafcb9db?ixlib=rb-1.2.1&ixid=eyJhcHBfaWQiOjEyMDd9&auto=format&fit=crop&w=1526&q=80","https://images.unsplash.com/photo-1542818212-9899bafcb9db?ixlib=rb-1.2.1&ixid=eyJhcHBfaWQiOjEyMDd9&auto=format&fit=crop&w=300&q=80"
294,41,"https://images.unsplash.com/photo-1515110371136-7e393289662c?ixlib=rb-1.2.1&ixid=eyJhcHBfaWQiOjEyMDd9&auto=format&fit=crop&w=1656&q=80","https://images.unsplash.com/photo-1515110371136-7e393289662c?ixlib=rb-1.2.1&ixid=eyJhcHBfaWQiOjEyMDd9&auto=format&fit=crop&w=300&q=80"
295,41,"https://images.unsplash.com/photo-1512521952190-7e1a47820ff4?ixlib=rb-1.2.1&ixid=eyJhcHBfaWQiOjEyMDd9&auto=format&fit=crop&w=978&q=80","https://images.unsplash.com/photo-1512521952190-7e1a47820ff4?ixlib=rb-1.2.1&ixid=eyJhcHBfaWQiOjEyMDd9&auto=format&fit=crop&w=300&q=80"
296,41,"https://images.unsplash.com/photo-1470434767159-ac7bf1b43351?ixlib=rb-1.2.1&ixid=eyJhcHBfaWQiOjEyMDd9&auto=format&fit=crop&w=668&q=80","https://images.unsplash.com/photo-1470434767159-ac7bf1b43351?ixlib=rb-1.2.1&ixid=eyJhcHBfaWQiOjEyMDd9&auto=format&fit=crop&w=300&q=80"
297,41,"https://images.unsplash.com/photo-1547597456-4c18a06d9073?ixlib=rb-1.2.1&ixid=eyJhcHBfaWQiOjEyMDd9&auto=format&fit=crop&w=668&q=80","https://images.unsplash.com/photo-1547597456-4c18a06d9073?ixlib=rb-1.2.1&ixid=eyJhcHBfaWQiOjEyMDd9&auto=format&fit=crop&w=300&q=80"
298,41,"https://images.unsplash.com/photo-1507920676663-3b72429774ff?ixlib=rb-1.2.1&auto=format&fit=crop&w=1567&q=80","https://images.unsplash.com/photo-1507920676663-3b72429774ff?ixlib=rb-1.2.1&auto=format&fit=crop&w=300&q=80
299,41,"https://images.unsplash.com/photo-1544376664-80b17f09d399?ixlib=rb-1.2.1&ixid=eyJhcHBfaWQiOjEyMDd9&auto=format&fit=crop&w=1525&q=80","https://images.unsplash.com/photo-1544376664-80b17f09d399?ixlib=rb-1.2.1&ixid=eyJhcHBfaWQiOjEyMDd9&auto=format&fit=crop&w=300&q=80"
300,41,"https://images.unsplash.com/photo-1513531926349-466f15ec8cc7?ixlib=rb-1.2.1&ixid=eyJhcHBfaWQiOjEyMDd9&auto=format&fit=crop&w=1650&q=80","https://images.unsplash.com/photo-1513531926349-466f15ec8cc7?ixlib=rb-1.2.1&ixid=eyJhcHBfaWQiOjEyMDd9&auto=format&fit=crop&w=300&q=80"
301,41,"https://images.unsplash.com/photo-1517278322228-3fe7a86cf6f0?ixlib=rb-1.2.1&auto=format&fit=crop&w=1567&q=80","https://images.unsplash.com/photo-1517278322228-3fe7a86cf6f0?ixlib=rb-1.2.1&auto=format&fit=crop&w=300&q=80"
302,41,"https://images.unsplash.com/photo-1517720359744-6d12f8a09b10?ixlib=rb-1.2.1&ixid=eyJhcHBfaWQiOjEyMDd9&auto=format&fit=crop&w=1567&q=80","https://images.unsplash.com/photo-1517720359744-6d12f8a09b10?ixlib=rb-1.2.1&ixid=eyJhcHBfaWQiOjEyMDd9&auto=format&fit=crop&w=300&q=80"
303,42,"https://images.unsplash.com/photo-1554735490-80893c93b06f?ixlib=rb-1.2.1&ixid=eyJhcHBfaWQiOjEyMDd9&auto=format&fit=crop&w=1650&q=80","https://images.unsplash.com/photo-1554735490-80893c93b06f?ixlib=rb-1.2.1&ixid=eyJhcHBfaWQiOjEyMDd9&auto=format&fit=crop&w=300&q=80"
304,42,"https://images.unsplash.com/photo-1507920676663-3b72429774ff?ixlib=rb-1.2.1&auto=format&fit=crop&w=1567&q=80","https://images.unsplash.com/photo-1507920676663-3b72429774ff?ixlib=rb-1.2.1&auto=format&fit=crop&w=300&q=80
305,42,"https://images.unsplash.com/photo-1544376664-80b17f09d399?ixlib=rb-1.2.1&ixid=eyJhcHBfaWQiOjEyMDd9&auto=format&fit=crop&w=1525&q=80","https://images.unsplash.com/photo-1544376664-80b17f09d399?ixlib=rb-1.2.1&ixid=eyJhcHBfaWQiOjEyMDd9&auto=format&fit=crop&w=300&q=80"
306,42,"https://images.unsplash.com/photo-1513531926349-466f15ec8cc7?ixlib=rb-1.2.1&ixid=eyJhcHBfaWQiOjEyMDd9&auto=format&fit=crop&w=1650&q=80","https://images.unsplash.com/photo-1513531926349-466f15ec8cc7?ixlib=rb-1.2.1&ixid=eyJhcHBfaWQiOjEyMDd9&auto=format&fit=crop&w=300&q=80"
307,42,"https://images.unsplash.com/photo-1517278322228-3fe7a86cf6f0?ixlib=rb-1.2.1&auto=format&fit=crop&w=1567&q=80","https://images.unsplash.com/photo-1517278322228-3fe7a86cf6f0?ixlib=rb-1.2.1&auto=format&fit=crop&w=300&q=80"
308,42,"https://images.unsplash.com/photo-1517720359744-6d12f8a09b10?ixlib=rb-1.2.1&ixid=eyJhcHBfaWQiOjEyMDd9&auto=format&fit=crop&w=1567&q=80","https://images.unsplash.com/photo-1517720359744-6d12f8a09b10?ixlib=rb-1.2.1&ixid=eyJhcHBfaWQiOjEyMDd9&auto=format&fit=crop&w=300&q=80"
309,42,"https://images.unsplash.com/photo-1530821875964-91927b611bad?ixlib=rb-1.2.1&ixid=eyJhcHBfaWQiOjEyMDd9&auto=format&fit=crop&w=1650&q=80","https://images.unsplash.com/photo-1530821875964-91927b611bad?ixlib=rb-1.2.1&ixid=eyJhcHBfaWQiOjEyMDd9&auto=format&fit=crop&w=300&q=80"
310,42,"https://images.unsplash.com/photo-1519862170344-6cd5e49cb996?ixlib=rb-1.2.1&ixid=eyJhcHBfaWQiOjEyMDd9&auto=format&fit=crop&w=1650&q=80","https://images.unsplash.com/photo-1519862170344-6cd5e49cb996?ixlib=rb-1.2.1&ixid=eyJhcHBfaWQiOjEyMDd9&auto=format&fit=crop&w=300&q=80"
314,43,"https://images.unsplash.com/photo-1550188053-b4e1e8e4f94f?ixlib=rb-1.2.1&ixid=eyJhcHBfaWQiOjEyMDd9&auto=format&fit=crop&w=2775&q=80","https://images.unsplash.com/photo-1550188053-b4e1e8e4f94f?ixlib=rb-1.2.1&ixid=eyJhcHBfaWQiOjEyMDd9&auto=format&fit=crop&w=300&q=80"
315,43,"https://images.unsplash.com/photo-1507920676663-3b72429774ff?ixlib=rb-1.2.1&auto=format&fit=crop&w=1567&q=80","https://images.unsplash.com/photo-1507920676663-3b72429774ff?ixlib=rb-1.2.1&auto=format&fit=crop&w=300&q=80
316,43,"https://images.unsplash.com/photo-1544376664-80b17f09d399?ixlib=rb-1.2.1&ixid=eyJhcHBfaWQiOjEyMDd9&auto=format&fit=crop&w=1525&q=80","https://images.unsplash.com/photo-1544376664-80b17f09d399?ixlib=rb-1.2.1&ixid=eyJhcHBfaWQiOjEyMDd9&auto=format&fit=crop&w=300&q=80"
317,43,"https://images.unsplash.com/photo-1513531926349-466f15ec8cc7?ixlib=rb-1.2.1&ixid=eyJhcHBfaWQiOjEyMDd9&auto=format&fit=crop&w=1650&q=80","https://images.unsplash.com/photo-1513531926349-466f15ec8cc7?ixlib=rb-1.2.1&ixid=eyJhcHBfaWQiOjEyMDd9&auto=format&fit=crop&w=300&q=80"
318,43,"https://images.unsplash.com/photo-1517278322228-3fe7a86cf6f0?ixlib=rb-1.2.1&auto=format&fit=crop&w=1567&q=80","https://images.unsplash.com/photo-1517278322228-3fe7a86cf6f0?ixlib=rb-1.2.1&auto=format&fit=crop&w=300&q=80"
319,43,"https://images.unsplash.com/photo-1517720359744-6d12f8a09b10?ixlib=rb-1.2.1&ixid=eyJhcHBfaWQiOjEyMDd9&auto=format&fit=crop&w=1567&q=80","https://images.unsplash.com/photo-1517720359744-6d12f8a09b10?ixlib=rb-1.2.1&ixid=eyJhcHBfaWQiOjEyMDd9&auto=format&fit=crop&w=300&q=80"
320,43,"https://images.unsplash.com/photo-1530821875964-91927b611bad?ixlib=rb-1.2.1&ixid=eyJhcHBfaWQiOjEyMDd9&auto=format&fit=crop&w=1650&q=80","https://images.unsplash.com/photo-1530821875964-91927b611bad?ixlib=rb-1.2.1&ixid=eyJhcHBfaWQiOjEyMDd9&auto=format&fit=crop&w=300&q=80"
321,43,"https://images.unsplash.com/photo-1519862170344-6cd5e49cb996?ixlib=rb-1.2.1&ixid=eyJhcHBfaWQiOjEyMDd9&auto=format&fit=crop&w=1650&q=80","https://images.unsplash.com/photo-1519862170344-6cd5e49cb996?ixlib=rb-1.2.1&ixid=eyJhcHBfaWQiOjEyMDd9&auto=format&fit=crop&w=300&q=80"
325,44,"https://images.unsplash.com/photo-1548369735-f548cbe6a294?ixlib=rb-1.2.1&ixid=eyJhcHBfaWQiOjEyMDd9&auto=format&fit=crop&w=977&q=80","https://images.unsplash.com/photo-1548369735-f548cbe6a294?ixlib=rb-1.2.1&ixid=eyJhcHBfaWQiOjEyMDd9&auto=format&fit=crop&w=300&q=80"
326,44,"https://images.unsplash.com/photo-1507920676663-3b72429774ff?ixlib=rb-1.2.1&auto=format&fit=crop&w=1567&q=80","https://images.unsplash.com/photo-1507920676663-3b72429774ff?ixlib=rb-1.2.1&auto=format&fit=crop&w=300&q=80
327,44,"https://images.unsplash.com/photo-1544376664-80b17f09d399?ixlib=rb-1.2.1&ixid=eyJhcHBfaWQiOjEyMDd9&auto=format&fit=crop&w=1525&q=80","https://images.unsplash.com/photo-1544376664-80b17f09d399?ixlib=rb-1.2.1&ixid=eyJhcHBfaWQiOjEyMDd9&auto=format&fit=crop&w=300&q=80"
328,44,"https://images.unsplash.com/photo-1513531926349-466f15ec8cc7?ixlib=rb-1.2.1&ixid=eyJhcHBfaWQiOjEyMDd9&auto=format&fit=crop&w=1650&q=80","https://images.unsplash.com/photo-1513531926349-466f15ec8cc7?ixlib=rb-1.2.1&ixid=eyJhcHBfaWQiOjEyMDd9&auto=format&fit=crop&w=300&q=80"
329,44,"https://images.unsplash.com/photo-1517278322228-3fe7a86cf6f0?ixlib=rb-1.2.1&auto=format&fit=crop&w=1567&q=80","https://images.unsplash.com/photo-1517278322228-3fe7a86cf6f0?ixlib=rb-1.2.1&auto=format&fit=crop&w=300&q=80"
330,44,"https://images.unsplash.com/photo-1517720359744-6d12f8a09b10?ixlib=rb-1.2.1&ixid=eyJhcHBfaWQiOjEyMDd9&auto=format&fit=crop&w=1567&q=80","https://images.unsplash.com/photo-1517720359744-6d12f8a09b10?ixlib=rb-1.2.1&ixid=eyJhcHBfaWQiOjEyMDd9&auto=format&fit=crop&w=300&q=80"
331,44,"https://images.unsplash.com/photo-1530821875964-91927b611bad?ixlib=rb-1.2.1&ixid=eyJhcHBfaWQiOjEyMDd9&auto=format&fit=crop&w=1650&q=80","https://images.unsplash.com/photo-1530821875964-91927b611bad?ixlib=rb-1.2.1&ixid=eyJhcHBfaWQiOjEyMDd9&auto=format&fit=crop&w=300&q=80"
332,44,"https://images.unsplash.com/photo-1519862170344-6cd5e49cb996?ixlib=rb-1.2.1&ixid=eyJhcHBfaWQiOjEyMDd9&auto=format&fit=crop&w=1650&q=80","https://images.unsplash.com/photo-1519862170344-6cd5e49cb996?ixlib=rb-1.2.1&ixid=eyJhcHBfaWQiOjEyMDd9&auto=format&fit=crop&w=300&q=80"
336,45,"https://images.unsplash.com/photo-1536181211993-cf4b2c100475?ixlib=rb-1.2.1&ixid=eyJhcHBfaWQiOjEyMDd9&auto=format&fit=crop&w=668&q=80","https://images.unsplash.com/photo-1536181211993-cf4b2c100475?ixlib=rb-1.2.1&ixid=eyJhcHBfaWQiOjEyMDd9&auto=format&fit=crop&w=300&q=80"
337,45,"https://images.unsplash.com/photo-1507920676663-3b72429774ff?ixlib=rb-1.2.1&auto=format&fit=crop&w=1567&q=80","https://images.unsplash.com/photo-1507920676663-3b72429774ff?ixlib=rb-1.2.1&auto=format&fit=crop&w=300&q=80
338,45,"https://images.unsplash.com/photo-1544376664-80b17f09d399?ixlib=rb-1.2.1&ixid=eyJhcHBfaWQiOjEyMDd9&auto=format&fit=crop&w=1525&q=80","https://images.unsplash.com/photo-1544376664-80b17f09d399?ixlib=rb-1.2.1&ixid=eyJhcHBfaWQiOjEyMDd9&auto=format&fit=crop&w=300&q=80"
339,45,"https://images.unsplash.com/photo-1513531926349-466f15ec8cc7?ixlib=rb-1.2.1&ixid=eyJhcHBfaWQiOjEyMDd9&auto=format&fit=crop&w=1650&q=80","https://images.unsplash.com/photo-1513531926349-466f15ec8cc7?ixlib=rb-1.2.1&ixid=eyJhcHBfaWQiOjEyMDd9&auto=format&fit=crop&w=300&q=80"
340,45,"https://images.unsplash.com/photo-1517278322228-3fe7a86cf6f0?ixlib=rb-1.2.1&auto=format&fit=crop&w=1567&q=80","https://images.unsplash.com/photo-1517278322228-3fe7a86cf6f0?ixlib=rb-1.2.1&auto=format&fit=crop&w=300&q=80"
341,45,"https://images.unsplash.com/photo-1517720359744-6d12f8a09b10?ixlib=rb-1.2.1&ixid=eyJhcHBfaWQiOjEyMDd9&auto=format&fit=crop&w=1567&q=80","https://images.unsplash.com/photo-1517720359744-6d12f8a09b10?ixlib=rb-1.2.1&ixid=eyJhcHBfaWQiOjEyMDd9&auto=format&fit=crop&w=300&q=80"
342,45,"https://images.unsplash.com/photo-1530821875964-91927b611bad?ixlib=rb-1.2.1&ixid=eyJhcHBfaWQiOjEyMDd9&auto=format&fit=crop&w=1650&q=80","https://images.unsplash.com/photo-1530821875964-91927b611bad?ixlib=rb-1.2.1&ixid=eyJhcHBfaWQiOjEyMDd9&auto=format&fit=crop&w=300&q=80"
343,45,"https://images.unsplash.com/photo-1519862170344-6cd5e49cb996?ixlib=rb-1.2.1&ixid=eyJhcHBfaWQiOjEyMDd9&auto=format&fit=crop&w=1650&q=80","https://images.unsplash.com/photo-1519862170344-6cd5e49cb996?ixlib=rb-1.2.1&ixid=eyJhcHBfaWQiOjEyMDd9&auto=format&fit=crop&w=300&q=80"
347,46,"https://images.unsplash.com/photo-1550338300-f9a475b50ba2?ixlib=rb-1.2.1&ixid=eyJhcHBfaWQiOjEyMDd9&auto=format&fit=crop&w=1001&q=80","https://images.unsplash.com/photo-1550338300-f9a475b50ba2?ixlib=rb-1.2.1&ixid=eyJhcHBfaWQiOjEyMDd9&auto=format&fit=crop&w=300&q=80"
348,46,"https://images.unsplash.com/photo-1500699889581-a7f97ec155d6?ixlib=rb-1.2.1&auto=format&fit=crop&w=1650&q=80","https://images.unsplash.com/photo-1500699889581-a7f97ec155d6?ixlib=rb-1.2.1&auto=format&fit=crop&w=300&q=80"
349,46,"https://images.unsplash.com/photo-1498200163530-bdb7c50ec863?ixlib=rb-1.2.1&ixid=eyJhcHBfaWQiOjEyMDd9&auto=format&fit=crop&w=975&q=80","https://images.unsplash.com/photo-1498200163530-bdb7c50ec863?ixlib=rb-1.2.1&ixid=eyJhcHBfaWQiOjEyMDd9&auto=format&fit=crop&w=300&q=80"
350,46,"https://images.unsplash.com/photo-1558118070-09ba9a9efb2d?ixlib=rb-1.2.1&ixid=eyJhcHBfaWQiOjEyMDd9&auto=format&fit=crop&w=668&q=80","https://images.unsplash.com/photo-1558118070-09ba9a9efb2d?ixlib=rb-1.2.1&ixid=eyJhcHBfaWQiOjEyMDd9&auto=format&fit=crop&w=300&q=80"